parse_text,parse_name
['httpstcotXitoGoah'],['GorgeousSaham']
"['Buat', 'yang', 'suka', 'nyari', 'dividen', 'saham', 'nih', 'mimin', 'kasih', 'tips', 'sedikit', 'httpstcoIVFmVNMfBy']",['Stockbit']
"['Sahamfess', 'semua', 'sekuritas', 'ada', 'fee', 'transaksinya', 'httpstcosNEYJbpxz']",['Maitsaham']
['httpstcoIObgQeM'],['GorgeousSaham']
"['Bitcoin', 'Crypto', 'Better', 'BBCA', 'Saham', 'httpstcoExyrSjmUq']",['ardajiter']
"['BENM', 'ORTA', 'SAHAM', 'GELYOR', 'httpstcolhRBahNYP']",['gelismevar']
"['Ph', 'punya', 'pentaksub', 'is', 'so', 'disgusting', 'before', 'anwar', 'menang', 'azam', 'baki', 'is', 'the', 'most', 'hated', 'person', 'ever', 'cerita', 'saham', 'adik', 'dia', 'dijaja', 'almost', 'everyday', 'Now']",['kimimpossibler']
"['Bursa', 'saham', 'melonjak', 'sejak', 'Jerung', 'didakwa', 'Its', 'a', 'good', 'sign', 'httpstcocKbaBqcMIS']",['ladybugg']
"['Fahad', 'fahadalamri', 'khalafAlkhalaf', 'KhaledEzz', 'jassimmohd', 'httpstcodpzanDZw', 'httpstcoYrQMCZZ']",['SahamTunes']
"['Joki', 'bab', 'amp', 'kuantitatif', 'yang', 'paham', 'tentang', 'saham', 'syariah', 'zonauang']",['chewnil']
"['Terpantau', 'saham', 'jypent', 'hari', 'merah', 'terus', 'Apalagi', 'tanggal', 'itu', 'terjun', 'abis', 'Jyp', 'fandom', 'bener', 'bener', 'serius', 'soal', 'boikot', 'ini', 'i', 'guess', 'Thank', 'you', 'so', 'much', 'untuk', 'partisipasinya', 'fams', 'aku', 'lihat', 'jyp', 'juga', 'mulai', 'aware', 'soal', 'boycotting', 'ini', 'meski', 'ada', 'kecolongan', 'kemarin', 'httpstcoTPdkMWPXp']",['smollrabbits']
"['Elzm', 'saham', 'chiki', 'ball', 'httpstcoRPMWQRETgi']",['RidwanRijaludin']
"['profesorsaham', 'Eh', 'engga', 'deh', 'httpstcoWuVWsSkX']",['bynmasca']
"['Foolish', 'one', 'stop', 'bilang', 'gapunya', 'duit', 'tapi', 'portofolio', 'saham', 'sampe', 'digit']",['Fayysuf']
"['Akhirakhir', 'ini', 'banyak', 'yang', 'meyakini', 'Apple', 'Store', 'segera', 'buka', 'di', 'Indonesia', 'Saya', 'pesimistis', 'hal', 'itu', 'terjadi', 'Mengapa', 'Apple', 'takkan', 'mau', 'menggandeng', 'mitra', 'lokal', 'yang', 'punya', 'porsi', 'saham', 'minimal', 'Andai', 'mau', 'pun', 'pasti', 'ada', 'yang', 'berusaha', 'menjegal', 'Apple', 'Tahu', 'dong', 'siapa']",['herrysw']
"['Mungkin', 'kita', 'rasa', 'Kering', 'Poket', 'bila', 'bersedekah', 'tapi', 'tahukah', 'anda', 'kelebihan', 'sedekah', 'Memanjangkan', 'UMUR', 'Mengundang', 'datangnya', 'REZEKI', 'Menolak', 'BALA', 'Menyembuhkan', 'PENYAKIT', 'Menambahkan', 'PAHALA', 'YAKINLAH', 'Duit', 'itu', 'saham', 'kita', 'di', 'Akhirat', 'Teruskan', 'BERSEDEKAH']",['jentikhati']
"['ngeri', 'bgt', 'klo', 'hybe', 'ngandelin', 'duit', 'idol', 'nya', 'bisa', 'saham', 'hybe', 'dijual', 'ke', 'nagaswara', 'kaya', 'yg', 'dilakuin', 'agency', 'nya', 'ke', 'hybe']",['jmazeey']
"['Waaau', 'Cerdik', 'nda', 'terima', 'uang', 'cash', 'tp', 'kalau', 'saham', 'okelah', 'Sepertinya', 'ada', 'tim', 'khusus', 'yg', 'mengelola', 'saham', 'dan', 'aset', 'kekayaannya', 'httpstcoVBeZfOMs']",['embah']
"['nohh', 'liat', 'saham', 'jype', 'anjlok', 'jadi', 'merah', 'saham', 'agensi', 'lain', 'tetap', 'stabil', 'kesell', 'bangett', 'bisa', 'nya', 'jype', 'stan', 'beneran', 'sebaik', 'ituuuuu', 'Ya', 'Allah', 'sisi', 'positifnya', 'JYPE', 'STAN', 'beneran', 'mereka', 'pure', 'aware', 'dengan', 'genoside', 'meskipun', 'agensi', 'ini', 'dirugiin']",['ChoHyeka']
"['Update', 'kerja', 'sama', 'GOTO', 'amp', 'Tiktok', 'Perusahaan', 'umumkan', 'bahwa', 'para', 'pihak', 'telah', 'menyelesaikan', 'transaksi', 'pada', 'Januari', 'GOTO', 'telah', 'berhasil', 'mencapai', 'adjusted', 'EBITDA', 'positif', 'pada', 'Q', 'melampaui', 'target', 'perusahaan', 'Rencana', 'Buyback', 'Saham', 'httpstcoVwyjToQQH']",['Stockbit']
"['Alternatif', 'saat', 'ini', 'ditaruh', 'di', 'Emas', 'Crypto', 'Saham', 'Properti', 'Surat', 'utang', 'negara', 'Misal', 'kamu', 'konservatif', 'maka', 'taruh', 'di', 'emas', 'yang', 'banyak', 'kalau', 'agresif', 'taruh', 'di', 'saham', 'or', 'crypto']",['GabRey']
"['Thank', 'you', 'my', 'comfy', 'hotel', 'Sampai', 'dikira', 'punya', 'saham', 'disini', 'hehe', 'Day', 'red', 'day', 'httpstcoigIoDNjzV']",['happygoluckysha']
"['Ini', 'perbandingannya', 'diantara', 'BIG', 'cuma', 'saham', 'jyp', 'yg', 'merah', 'selama', 'masa', 'boycotting', 'Salah', 'satu', 'cara', 'kita', 'tahu', 'kalau', 'perusahaan', 'lagi', 'profitable', 'itu', 'ya', 'liat', 'saham', 'mereka', 'lg', 'ijo', 'apa', 'lg', 'merah', 'Kalo', 'merah', 'berarti', 'arus', 'cuan', 'mereka', 'lg', 'tersendat', 'gt', 'lho', 'kasarnya', 'httpstcockaPlIlwih']",['smollrabbits']
"['Sepertinya', 'makin', 'menarik', 'nih', 'mencermati', 'pergerakan', 'pasar', 'saham', 'IHSG', 'di', 'tahun', 'httpstcoKyYKLOqhd']",['desmondwira']
"['Saham', 'Disneyland', 'vs', 'Paddle', 'Pop', 'httpstcouaypQmQgmI']",['girumon']
"['Oiya', 'dia', 'ngakunya', 'bapak', 'emaknya', 'punya', 'saham', 'di', 'dyandra', 'Aku', 'jg', 'punya', 'rb', 'tapi']",['berryzennies']
"['Sahamfess', 'K', 'an', 'nder']",['ngguatel']
"['Fantastis', 'Keluarga', 'Jokowi', 'Kuasai', 'Lembar', 'Saham', 'di', 'PT', 'Rakabu', 'Sejahtera', 'Perusahaan', 'Yang', 'Disokong', 'Luhut', 'httpstcoJPwYzRv']",['democrazymedia']
"['Kejatuhan', 'tragis', 'Index', 'Hang', 'Seng', 'bursa', 'saham', 'Hongkong', 'yg', 'notabene', 'representasi', 'saham', 'big', 'companies', 'dari', 'China', 'mainland', 'Anjlok', 'dlm', 'thn', 'Invest', 'juta', 'loss', 'juta', 'Properti', 'hancur', 'Bursa', 'saham', 'kolaps', 'Rakyat', 'lama', 'bisa', 'marah', 'sama', 'Partai', 'Komunis', 'China', 'httpstcojnCiHQV']",['StrategiBisnis']
"['profesorsaham', 'capres', 'ada', 'gasi', 'yg', 'visi', 'misinya', 'ilangin', 'boti']",['syahrungann']
"['Tahun', 'Saya', 'dilarang', 'beli', 'saham', 'BBHI', 'oleh', 'mentor', 'saham', 'Legend', 'di', 'Stockbit', 'BBHI', 'Terbang', 'X', 'Setelah', 'itu', 'Saya', 'ditentang', 'beli', 'DOGE', 'oleh', 'mentor', 'saya', 'di', 'crypto', 'DOGE', 'Terbang', 'x', 'Setelah', 'itu', 'Setiap', 'mentor', 'memiliki', 'blindspot', 'yang', 'tidak', 'disadari', 'cari', 'berbagai', 'sudut', 'pandang']",['PaceCrypto']
"['Korang', 'Family', 'mart', 'pemegang', 'saham', 'terbesar', 'dia', 'Itochu', 'Corp', 'Japan', 'Itochu', 'Corp', 'ada', 'Itochu', 'Aviation', 'yg', 'ada', 'hubungan', 'dengan', 'Elbit', 'Systems', 'Elbit', 'Systems', 'company', 'weapon', 'Israel', 'Selamat', 'jalan', 'Family', 'Mart', 'Rupanya', 'antara', 'penyumbang', 'terbesar', 'Isral']",['zaqayy']
"['CTOS', 'untung', 'RM', 'juta', 'meningkat', 'kali', 'ganda', 'dan', 'tertinggi', 'dalam', 'sejarah', 'FYI', 'CTOS', 'adalah', 'public', 'listed', 'company', 'dan', 'saham', 'boleh', 'dibeli', 'oleh', 'orang', 'awam', 'httpstcoCgdJbutzZ']",['najibfazail']
"['ingat', 'kata', 'mbah', 'org', 'saham', 'yg', 'ngatangatain', 'trading', 'crypto', 'besok', 'pasti', 'buka', 'kelas', 'crypto', 'httpstconvwayUE']",['MbahZaid']
"['profesorsaham', 'Yg', 'nguploud', 'ini', 'kayanya', 'dia', 'gapernah', 'dpt', 'dosen', 'yg', 'killer', 'bgt', 'Omongan', 'sumpah', 'serapah', 'dari', 'mulutnya', 'ngebuang', 'berkas', 'ngusir', 'dia', 'yg', 'keluar', 'Semoga', 'ini', 'org', 'yg', 'nguploud', 'kalau', 'blm', 'lulus', 'ketemu', 'dosen', 'kriteria', 'diatas', 'Jadi', 'tau', 'apa', 'yg', 'dilakukan', 'lunamaya', 'belum', 'ada', 'apapanya']",['BaygonvsHit']
"['Sahamfess', 'tidak', 'pro', 'kelas', 'menengah', 'httpstcozcwSsqxvKp']",['deeotherprsn']
"['gamau', 'lagi', 'masuk', 'shm', 'SMGA', 'emang', 'udah', 'paling', 'bener', 'saham', 'perbankan', 'saja']",['Sahamfess']
"['chris', 'lee', 'ngejual', 'semua', 'saham', 'sm', 'yang', 'dia', 'pegang', 'dengan', 'alasan', 'pribadi', 'apa', 'tandanya', 'mau', 'resign', 'bisa', 'jadi', 'iya', 'bisa', 'jadi', 'sekedar', 'transaksi', 'jual', 'biasa', 'tinggal', 'liat', 'ada', 'pembelian', 'baru', 'atau', 'ngga', 'bener', 'resign', 'ga', 'tapiii', 'httpstcoYxKnFBG', 'httpstcoabUJZwnw', 'httpstcotzUbtddky']",['termatcha']
"['offering', 'keroyokan', 'kalian', 'ikut', 'shm', 'yang', 'mana', 'httpstcoIGopRRllC']",['Sahamfess']
"['Tahu', 'tak', 'melabur', 'dalam', 'saham', 'Apple', 'Tesla', 'dan', 'Amazon', 'ni', 'seolaholah', 'seperti', 'kita', 'mintak', 'Tim', 'Cook', 'Elon', 'Musk', 'dan', 'Jeff', 'Bezos', 'sendiri', 'laburkan', 'duit', 'kita', 'What', 'Yes', 'basically', 'merekalah', 'fund', 'manager', 'kita', 'Let', 'me', 'explain', 'why', 'dan', 'bagaimana', 'kita', 'boleh', 'ukur', 'performance', 'mereka', 'httpstcoldbaQrlDw']",['NasrudinFaqrul']
"['saham', 'begini', 'mssuk', 'lq', 'jangan', 'jangan', 'untuk', 'dana', 'pemilu', 'ojkindonesia', 'yg', 'bener', 'saja', 'padahal', 'di', 'dalam', 'ojk', 'banyak', 'otg', 'pintat', 'lho', 'httpstcoQoNLQxuBe']",['Ddarwin']
"['GILA', 'AURA', 'NYA', 'BAU', 'SAHAM', 'BANGET', 'kristtps', 'Krist', 'in', 'FukuokaDay', 'GMMTVFANTIMEinFukuokaDay', 'GMMTVFANTIMExKRIST', 'KristPerawat', 'httpstcolckhOLOzVI']",['afhprchya']
"['Tahukah', 'kamu', 'Pemegang', 'saham', 'PT', 'pada', 'dasarnya', 'memiliki', 'tanggung', 'jawab', 'yang', 'terbatas', 'Namun', 'pada', 'kondisi', 'tertentu', 'tanggung', 'jawab', 'terbatas', 'pemegang', 'saham', 'bisa', 'hilang', 'Apa', 'saja', 'yang', 'menyebabkan', 'tanggung', 'jawab', 'terbatas', 'hilang', 'Simak', 'penjelasannya', 'pada', 'infografis', 'berikut', 'yuk', 'httpstcoAXSaFXSvU']",['klinikhukum']
"['Tomorrow', 'we', 'will', 'be', 'having', 'the', 'th', 'iteration', 'of', 'Smash', 'Saham', 's', 'at', 'PM', 'Kuwait', 'time', 'Featuring', 'some', 'of', 'Kuwait', 's', 'best', 'talent', 'Divine', 'Starmod', 'soudsamus', 'RKB', 'Saham', 'Zash', 'and', 'more', 'Pull', 'through', 'to', 'the', 'stream', 'tomorrow', 'at', 'httpstconuHsIq', 'Bracket', 'httpstcoJoJwdjl']",['soudsamus']
"['Sahamfess', 'Kurang', 'lebih', 'begini', 'ilustrasinya', 'httpstcoSMERFKqGZL']",['sfhawal']
"['profesorsaham', 'ntu', 'mah', 'modus', 'doang', 'biar', 'dielus', 'ama', 'yang', 'cardigan', 'item']",['thekingslayerr']
"['profesorsaham', 'penampakan', 'yg', 'biasa', 'bilang', 'allin', 'di', 'tiktok']",['bsvecx']
"['profesorsaham', 'Hmmm', 'dia', 'butuh', 'program', 'wajib', 'punk', 'biarkab', 'mas', 'mas', 'dan', 'mbak', 'nbak', 'pang', 'yg', 'mendewasakannya']",['morethanlifee']
"['Tak', 'hanya', 'Luhut', 'Bahlil', 'juga', 'memiliki', 'bisnis', 'tambang', 'nikel', 'melalui', 'PT', 'Meta', 'Mineral', 'Pradana', 'Perusahaan', 'ini', 'memiliki', 'dua', 'izin', 'tambang', 'nikel', 'di', 'Konawe', 'Utara', 'Sulawesi', 'Tenggara', 'Pemegang', 'saham', 'perusahaan', 'ini', 'antara', 'lain', 'PT', 'Rifa', 'Capital', 'sebesar', 'dan', 'PT', 'Bersama', 'Papua', 'Unggul', 'httpstcotZtKUaW']",['jatamnas']
['httpstcobllvlrBC'],['saham']
"['Jaringan', 'Pi', 'telah', 'berhasil', 'Jangan', 'lewatkan', 'Inilah', 'yang', 'ingin', 'saya', 'lihat', 'Aplikasi', 'yang', 'terhubung', 'ke', 'pasar', 'saham', 'tempat', 'kita', 'dapat', 'membeli', 'saham', 'perusahaan', 'menggunakan', 'koin', 'Pi', 'Apakah', 'ini', 'Benar', 'Kita', 'tunggu', 'saat', 'Open', 'Minet', 'yg', 'kirakira', 'Sebentar', 'lagi', 'PiNetwork', 'Pinetworkberita', 'httpstcoKFwIlOOGI']",['MyYunieyusuf']
"['Resort', 'mewah', 'di', 'PD', 'dia', 'punya', 'rupanya', 'yang', 'lain', 'anda', 'tengok', 'sendirilah', 'Bagaimana', 'dengan', 'bank', 'di', 'luar', 'negara', 'BERIKUT', 'ADALAH', 'HARTA', 'DAIM', 'BANK', 'AKAUN', 'Amanah', 'Saham', 'Nasional', 'Berhad', 'ASB', 'dan', 'Amanah', 'Saham', 'Nasional', 'ASN', 'KENDERAAN', 'Mercedes', 'Benz', 'SEL', 'Jaguar', 'XJS', 'HE', 'httpstcojJIKrIie']",['ladybugg']
"['vibes', 'semua', 'anak', 'tunggal', 'kaya', 'raya', 'keluarga', 'konglo', 'yang', 'lagi', 'kumpul', 'ngomongin', 'saham', 'httpstcoOQAAqW']",['sanctuarydw']
"['MY', 'STOCKS', 'PICK', 'NASDAQ', 'NASDAQ', 'STOCK', 'EXCHANGE', 'DISCLAIMER', 'THIS', 'ISNT', 'A', 'BUY', 'CALL', 'ITS', 'MY', 'LISTING', 'DO', 'YOUR', 'OWN', 'ANALYSIS', 'TRADE', 'AT', 'YOUR', 'OWN', 'RISK', 'httpstcoqSkWpZrJO', 'NASDAQStockExchange', 'NASDAQ', 'Stock', 'Exchange', 'USA', 'America', 'NewYork', 'equity', 'market', 'trading', 'trade', 'saham', 'httpstcobbclGjbHe']",['niagapasar']
"['Belajar', 'main', 'saham', 'ternyata', 'nggak', 'seburuk', 'itu', 'httpstcoCoqzMdY']",['convomfs']
"['Ozempic', 'ini', 'benar', 'lagi', 'happening', 'di', 'amrik', 'Mega', 'best', 'seller', 'Obat', 'pengurus', 'badan', 'yg', 'terbukti', 'valid', 'scra', 'saintifik', 'Pil', 'ajaib', 'bagi', 'yg', 'mau', 'turun', 'badan', 'dg', 'cepat', 'Yg', 'bkin', 'Novo', 'Nordisk', 'produsen', 'insulin', 'terbesar', 'dunia', 'dari', 'Denmark', 'Saham', 'Novo', 'Nordisk', 'meroket', 'gara', 'Ozempic', 'httpstcokhiCdsvQ']",['StrategiBisnis']
"['Prestasi', 'ringgit', 'vs', 'USD', 'dan', 'saham', 'Msia', 'as', 'at', 'Jan', 'Ringgit', 'ke', 'lemah', 'after', 'yen', 'won', 'baht', 'down', 'hampir', 'Tapi', 'saham', 'KLCI', 'naik', 'second', 'only', 'to', 'Japan', 'Can', 't', 'have', 'both', 'our', 'way', 'httpstcoaEZsluMa']",['azhanordin']
"['erickthohir', 'ridwankamil', 'Jadi', 'ingat', 'kata', 'Abang', 'nya', 'yg', 'kata', 'nya', 'konglomerat', 'mendukung', 'Paslon', 'Besok', 'nya', 'saham', 'nya', 'ambruk', 'Kalau', 'gw', 'sih', 'percaya', 'dengan', 'Ahok', 'httpstcodRJnTGntM']",['Aryprasetyo']
"['SAHAM', 'COFFEE', 'SHOP']",['laenadine']
"['profesorsaham', 'tolol']",['cubakboy']
"['SAHAM', 'COFFEE', 'SHOP']",['guinevas']
"['Dalam', 'saham', 'selain', 'daripada', 'capital', 'gain', 'banyak', 'syarikat', 'yang', 'bagi', 'pulangan', 'dalam', 'bentuk', 'dividen', 'Imagine', 'lepas', 'bersara', 'dapat', 'dividen', 'as', 'passive', 'income', 'Paling', 'penting', 'strategi', 'kena', 'betul', 'Aku', 'cadangkan', 'beli', 'buku', 'ni', 'until', 'belajar', 'httpstcorjiXQEwkr', 'bukunajib']",['najibfazail']
"['matchaltt', 'ehhh', 'family', 'dia', 'tu', 'kenapa', 'nak', 'komplot', 'Rasa', 'dia', 'salah', 'dtg', 'minta', 'maaf', 'hulur', 'lah', 'berapa', 'yg', 'mampu', 'utk', 'tolong', 'Kalau', 'takda', 'show', 'support', 'dia', 'perangai', 'kalah', 'apa', 'ni', 'jangan', 'support', 'makcik', 'pakcik', 'Saham', 'dosa', 'Korang', 'kan', 'suka', 'forward', 'benda', 'fb', 'wstakda', 'ke', 'yg', 'bgtau', 'pasal', 'dosa', 'subahat']",['ilusinetra']
"['Price', 'action', 'discount', 'everything', 'trading', 'saham', 'forex', 'stocks', 'httpstcorlwLaRkCI']",['werdhitemaja']
"['kurawa', 'Apa', 'anda', 'tahu', 'amp', 'berfikir', 'akibat', 'pembagunan', 'yg', 'terkesan', 'dipaksakan', 'tsb', 'telah', 'mengorbankan', 'BUMN', 'Karya', 'Indikatornya', 'Saham', 'BUMN', 'di', 'BEJ', 'pada', 'Nyungsep', 'WSKT', 'WIKA', 'amp', 'WSBP', 'di', 'suspen', 'berbulan', 'karena', 'gagal', 'bayar', 'kemungkinan', 'yg', 'lain', 'nyusul', 'BUMN', 'TIDAK', 'BAIK', 'SAJA', 'httpstcoyMADvZmIT']",['MR']
"['Harga', 'Bitcoin', 'BTC', 'dan', 'indeks', 'saham', 'AS', 'melemah', 'pada', 'hari', 'Kamis', 'pagi', 'pasca', 'The', 'Fed', 'mempertahankan', 'laju', 'suku', 'bunga', 'acuan', 'pada', 'level', 'Selengkapnya', 'httpstcoJisIQzpeWk']",['Tokocrypto']
"['Harga', 'saham', 'turun', 'bukannya', 'justru', 'kesempatan', 'untuk', 'dividen', 'hunting', 'bulan', 'Maret', 'nanti', 'Beberapa', 'emiten', 'sudah', 'menyampaikan', 'rencana', 'RUPS', 'Tahunan']",['KokoGiovanni']
"['Masih', 'gak', 'habis', 'pikir', 'kenapa', 'ngomongin', 'saham', 'agensi', 'turun', 'tapi', 'acuannya', 'kosqad', 'yg', 'tinggal', 'search', 'di', 'internet', 'plis', 'lahhh']",['youthofmay']
"['profesorsaham', 'Cuman', 'telu', 'persen', 'cuk', 'httpstcoAOHshHV']",['drinvestrade']
"['profesorsaham', 'Go', 'ahead']",['tradernubie']
"['Awalnya', 'sesumbar', 'ngaku', 'mendukung', 'Pas', 'saham', 'anjlok', 'baru', 'pada', 'membantah', 'AMINAjaDulu', 'httpstcoUPFJVD']",['PAKRT']
"['Saham', 'TLKM', 'masih', 'oke', 'punya', 'nih', 'sepertinya', 'httpstcouICBUnNCa']",['ngomonginsaham']
"['We', 'are', 'starting', 'now', 'Smash', 'Saham', 's', 'Featuring', 'Soudsamus', 'Divine', 'RKB', 'Starmod', 'Saham', 'and', 'more', 'Stream', 'httpstcozrGvQWhXA', 'Bracket', 'httpstcoJoJwdjl']",['soudsamus']
"['Bahas', 'high', 'dong', 'deviden', 'prof', 'profesorsaham']",['drinvestrade']
"['profesorsaham', 'Micky']",['keepbeingnice']
['httpstcoJXFeonePI'],['SAHAMCompany']
"['Nampak', 'tak', 'majoriti', 'syarikat', 'dia', 'adalah', 'sdn', 'bhd', 'Sbb', 'tu', 'cukai', 'pd', 'transaksi', 'saham', 'syarikat', 'unlisted', 'ni', 'penting', 'It', 'carries', 'high', 'values', 'Shareholders', 'will', 'be', 'damn', 'rich']",['HannZiq']
"['Asli', 'ini', 'mah', 'kayak', 'lagi', 'rapat', 'pemegang', 'saham', 'CAKEP', 'BANGET', 'LU', 'PERAWAT', 'Krist', 'in', 'FukuokaDay', 'GMMTVFANTIMEinFukuokaDay', 'GMMTVFANTIMExKRIST', 'KristPerawat', 'httpstcoEGsyQoXoS']",['afhprchya']
"['Borak', 'Bersama', 'Maybank', 'Highlights', 'Maybank', 'IB', 'Researchs', 'Top', 'Stock', 'Picks', 'To', 'wrap', 'up', 'our', 'latest', 'market', 'outlook', 'webinar', 'our', 'analysts', 'shared', 'with', 'us', 'their', 'top', 'picks', 'going', 'in', 'Check', 'out', 'the', 'video', 'to', 'find', 'out', 'what', 'they', 'are', 'BorakBersamaMaybank', 'httpstcoVztOXcPwV']",['azmiradarsaham']
"['MY', 'STOCKS', 'PICK', 'PSE', 'PHILIPPINE', 'STOCK', 'EXCHANGE', 'DISCLAIMER', 'THIS', 'ISNT', 'A', 'BUY', 'CALL', 'ITS', 'MY', 'LISTING', 'DO', 'YOUR', 'OWN', 'ANALYSIS', 'TRADE', 'AT', 'YOUR', 'OWN', 'RISK', 'httpstcoqSkWpZrJO', 'PSE', 'PhilippineStockExchange', 'Philippine', 'Stock', 'Exchange', 'Philippines', 'MetroManila', 'saham', 'syariah', 'httpstcoNOQHJIY']",['niagapasar']
"['Sahamfess', 'Hadir']",['fremnkie']
"['Gua', 'emang', 'bilang', 'bakal', 'lebih', 'banyak', 'nulis', 'sih', 'di', 'tahun', 'ini', 'tapi', 'napa', 'gua', 'malah', 'kebanyakan', 'nulis', 'analisia', 'saham', 'ya', 'httpstcosdksekHzm']",['AquaReqia']
"['MY', 'STOCKS', 'PICK', 'IDX', 'BURSA', 'EFEK', 'INDONESIA', 'BEI', 'DISCLAIMER', 'THIS', 'ISNT', 'A', 'BUY', 'CALL', 'ITS', 'MY', 'LISTING', 'DO', 'YOUR', 'OWN', 'ANALYSIS', 'TRADE', 'AT', 'YOUR', 'OWN', 'RISK', 'httpstcoqSkWpZrJO', 'IDX', 'BEI', 'BursaEfekIndonesia', 'Bursa', 'Efek', 'Indonesia', 'Jakarta', 'saham', 'stock', 'equity', 'exchange', 'syariah', 'httpstcoohUSTjEj']",['niagapasar']
"['profesorsaham', 'Alay']",['AnggoroA']
"['MY', 'STOCKS', 'PICK', 'MYX', 'BURSA', 'MALAYSIA', 'DISCLAIMER', 'THIS', 'ISNT', 'A', 'BUY', 'CALL', 'ITS', 'MY', 'LISTING', 'DO', 'YOUR', 'OWN', 'ANALYSIS', 'TRADE', 'AT', 'YOUR', 'OWN', 'RISK', 'httpstcoqSkWpZrJO', 'MYX', 'BME', 'BursaMalaysia', 'Bursa', 'Malaysia', 'KualaLumpur', 'stock', 'equity', 'saham', 'exchange', 'trade', 'market', 'syariah', 'httpstcoNRocEnZyp']",['niagapasar']
"['Partai', 'socmed', 'kontol', 'mana', 'cok']",['profesorsaham']
"['theoreticallie', 'profesorsaham', 'agree']",['leeale']
"['profesorsaham', 'Prof']",['EvaMalca']
"['Fahad', 'httpstcoKXjiUNDCZ', 'httpstcoFFKRiVWkM']",['GorgeousSaham']
"['profesorsaham', 'Ip', 'Ching']",['millionnials']
"['profesorsaham', 'Tololllll']",['sofyandi']
['httpstcoLtRJXubu'],['SAHAMCompany']
"['taufikjf', 'Sahamfess', 'itbofficial', 'ItjenKemdikbud', 'ojkindonesia', 'kemenpendidikan', 'nadiemmakarim', 'well', 'this', 'is', 'indonesia', 'woi']",['kolooo']
"['Narasi', 'anies', 'itu', 'aslinya', 'jd', 'Blunder', 'semua', 'cm', 'ya', 'gitu', 'g', 'ad', 'yg', 'garap', 'krn', 'aslinya', 'bisa', 'jd', 'joke', 'kyk', 'papa', 'minta', 'saham', 'Orng', 'pinter', 'milih', 'aniesjd', 'yg', 'g', 'milih', 'bodoh', 'sdng', 'anies', 'aja', 'Angin', 'ga', 'ad', 'ktpnya', 'Anies', 'iman', 'Mahdi', 'Ga', 'milih', 'anies', 'di', 'ragukan', 'ke', 'islamannya', 'bnyk', 'counternya', 'httpstcoYoOLWNRHCy']",['tekarok']
"['profesorsaham', 'httpstcoIphthHNB']",['Trisugaak']
"['Amateurs', 'look', 'for', 'challenges', 'professionals', 'look', 'for', 'easy', 'trades', 'Losers', 'get', 'high', 'from', 'the', 'actions', 'the', 'pros', 'look', 'for', 'the', 'best', 'odds', 'probabilitieschances', 'Excerpt', 'from', 'Come', 'Into', 'My', 'Trading', 'Room', 'by', 'Dr', 'Alexander', 'Elder', 'komunitisaham']",['komunitisaham']
"['Pasar', 'saham', 'IHSG', 'ndelosor', 'Mau', 'gimana', 'lagi', 'Yang', 'biasanya', 'menopang', 'IHSG', 'hari', 'ini', 'pada', 'cuti', 'massal', 'saham', 'big', 'bank', 'PP', 'EBT', 'httpstcoytdwJtsm']",['desmondwira']
"['Ada', 'lagi', 'satu', 'menteri', 'berintegritas', 'yg', 'dibuang', 'dari', 'kabinet', 'Sudirman', 'Said', 'Beliau', 'adlh', 'menteri', 'ESDM', 'yg', 'gencar', 'menghantam', 'mafia', 'migas', 'Ia', 'adalah', 'sosok', 'yg', 'membubarkan', 'sarang', 'mafia', 'Petral', 'dan', 'melaporkan', 'Setya', 'Novanto', 'si', 'Papa', 'Minta', 'Saham', 'ke', 'MKD']",['GradyNagara']
"['Mother', 'of', 'the', 'North', 'Queen', 'of', 'Dragons']",['sahamsahm']
"['Kalau', 'dua', 'putaran', 'berarti', 'makin', 'OP', 'dong', 'petugas', 'KPPS', 'dapat', 'juta', 'dua', 'hari', 'kerja']",['profesorsaham']
"['Saham', 'people', 'are', 'crazy', 'ong']",['offshahla']
"['Setelah', 'pernyataan', 'Boy', 'thohir', 'yg', 'mendukung', 'saham', 'adaro', 'anjlok', 'Klarifikasi', 'Adaro', 'Energy', 'dan', 'group', 'djarum', 'KOMPAK', 'BANTAH', 'dukung', 'Prabowo', 'Hmmm', 'efeck', 'negatif', 'dong', 'httpstcoKTFvgQMjW']",['QalbuBahasa']
"['yuhuu', 'aku', 'bakal', 'update', 'persidangan', 'manipulasi', 'harga', 'saham', 'sm', 'ini', 'lebih', 'ke', 'kakao', 'vs', 'hybe', 'inget', 'kan', 'dari', 'banyaknya', 'pelaku', 'yang', 'dipenjara', 'siapa', 'cuma', 'bapak', 'ini', 'bae', 'jaehyun', 'bukan', 'bae', 'joohyun', 'kepala', 'investasinya', 'kakao', 'tapi', 'ditahannya', 'cuma', 'bln', 'njir', 'awokwok', 'bentar', 'amat', 'httpstcoMxZzpcnDwN']",['termatcha']
"['What', 'are', 'five', 'topics', 'you', 'can', 'talk', 'about', 'for', 'minutes', 'with', 'zero', 'prep', 'Taylor', 'Swift', 'Math', 'vs', 'Statistics', 'vs', 'Actuary', 'Kartu', 'kredit', 'Investasi', 'Saham', 'amp', 'Reksadana', 'Public', 'transportation', 'Seoul']",['likelihoodrato']
"['Good', 'one', 'httpstcohAtjCfoU']",['majusaham']
"['Ekonomi', 'gig', 'yg', 'selalu', 'dipujapuji', 'sebagai', 'ekonomi', 'masa', 'depan', 'dan', 'pembawa', 'kesejahteraan', 'tak', 'seindah', 'yg', 'dituturkan', 'oleh', 'para', 'spekulan', 'saham', 'atau', 'majikan', 'Nasib', 'ojol', 'seperti', 'yang', 'diwartakan', 'banyak', 'media', 'menghadapi', 'kondisi', 'kerja', 'yg', 'buruk', 'dan', 'menerima', 'pemasukan', 'tidak', 'sepadan', 'httpstcoYHqmIgIp']",['IdTrimurti']
"['profesorsaham', 'Kepencet', 'Buy', 'Scatter']",['ichsanbaim']
"['profesorsaham', 'sell', 'on', 'news']",['msrrohman']
"['Yg', 'ngerti', 'saham', 'nih', 'Pada', 'kompak', 'tuh', 'berubah', 'warna', 'jadi', 'merah', 'Tau', 'kan', 'arti', 'merah', 'Hahaha', 'httpstcoAqjKFGJC']",['keepitseigi']
"['profesorsaham', 'Tim', 'nyimak']",['pengendisayan']
"['mandalaurieann', 'profesorsaham', 'NAMA', 'Beauty']",['atieess']
"['rek', 'kalo', 'mau', 'invest', 'di', 'saham', 'US', 'pake', 'aplikasi', 'apa', 'ya', 'biasanya']",['sbyfess']
"['Valuasi', 'Saham', 'Demystified', 'a', 'podcast', 'by', 'Christian', 'CFA', 'Feb', 'at', 'PM', 'Join', 'now', 'httpstcofSmjOjs', 'FREE', 'httpstcoKLqvCxIDiI']",['axlarry']
"['Kerajaan', 'Sarawak', 'akan', 'memuktamadkan', 'penambahan', 'pegangan', 'saham', 'mereka', 'di', 'dalam', 'Affin', 'Bank', 'Berhad', 'dalam', 'masa', 'terdekat', 'Premier', 'Sarawak', 'Abang', 'Jo', 'berkata', 'pihaknya', 'kini', 'masih', 'lagi', 'berunding', 'bersama', 'pihak', 'Affin', 'Bank', 'dan', 'LTAT', 'httpstcoZGRIeBqLIK']",['datukhensem']
"['MY', 'STOCKS', 'PICK', 'MYX', 'BURSA', 'MALAYSIA', 'DISCLAIMER', 'THIS', 'ISNT', 'A', 'BUY', 'CALL', 'ITS', 'MY', 'LISTING', 'DO', 'YOUR', 'OWN', 'ANALYSIS', 'TRADE', 'AT', 'YOUR', 'OWN', 'RISK', 'httpstcoqSkWpZrJO', 'MYX', 'BME', 'BursaMalaysia', 'Bursa', 'Malaysia', 'KualaLumpur', 'stock', 'equity', 'saham', 'exchange', 'trade', 'market', 'syariah', 'httpstcopMvqlgGjU']",['niagapasar']
"['Sahamfess', 'UNTD']",['feegaprynto']
"['profesorsaham', 'Sell', 'in', 'good', 'news']",['morethanlifee']
"['profesorsaham', 'The', 'heck', 'did', 'I', 'just', 'watch']",['xhydarnus']
"['ChaserZHANGHAO', 'Hi', 'hao', 'minta', 'saham', 'perusahaan', 'papa', 'kamu']",['ChaserROWOON']
"['Thanks', 'to', 'Bumble', 'httpstcocULwHECx']",['SahamReceh']
"['Sdf', 'Rekomen', 'saham', 'buat', 'jangka', 'panjang', 'dong', 'slain', 'bbca', 'dan', 'bbri', 'apa', 'ya']",['darjofess']
"['profesorsaham', 'masih', 'profesional', 'sih', 'itu', 'httpstcovnUEwTtNm']",['vesuuya']
"['Per', 'negatif', 'Pbv', 'tinggi', 'Sahamnya', 'httpstcoJuQPQPv']",['TradingDiary']
['httpstcoRhTQlzoK'],['sahamaljomaih']
"['profesorsaham', 'bung', 'towel']",['konglomarket']
