teks,tipe
Ada motor ada sepeda \n Semuanya beroda dua \n Indonesia kaya budaya \n Sepatutnya kita menjaganya,Pantun Adat dan Alam
Ada pisang ada semangka \n Jika dimakan manis rasanya \n Indonesia ragam budaya \n Tugas kita tuk menjaganya,Pantun Adat dan Alam
Ada rusa ada buaya \n Sungguh hitam warna matanya \n Ada adat seribu bahasa \n Kita wajib menghormatinya,Pantun Adat dan Alam
Alat timbang pucuknya patah \n Beli baru hendak dipesan \n Alam terkembang amat indah \n Dipandang-pandang tiada bosan,Pantun Adat dan Alam
Anak cina makan petai \n Kakinya terikat rantai \n Lihatlah indahnya pantai \n Membuat jiwa terasa santai,Pantun Adat dan Alam
Bahagia hati akan menikah \n Duduk sendiri di dalam rumah \n Walau lelah kaki melangkah \n Puncak gunung sangatlah indah,Pantun Adat dan Alam
Bayi datang ke darat \n Dari Makassar langsung ke Deli \n Hidup di dunia untuk peradaban \n Bahasa tidak dibeli dan dijual,Pantun Adat dan Alam
Beli gudek di Jogjakarta \n Beli markisa di Medan \n Kalau kalian memang pemuda \n Mari bersama lesarikan hutan,Pantun Adat dan Alam
Beli sepatu yang warnanya bagus \n Belinya dipasar kamis \n Jangan sampai hutan hangus \n Nanti air bisa habis,Pantun Adat dan Alam
Benih ditabur benih disemai \n Kacang tersiram jadi kecambah \n Alam desa begitu damai \n Di hamparan sawah tepi lembah,Pantun Adat dan Alam
Besi bagus parang panjang \n Jatuh ke sawah tanah gembur \n Pantai indah memanjang \n Ombak datang mendebur,Pantun Adat dan Alam
Buah duku buah rambutan \n Dipenen saat musim hujan \n Katanya berpendidikan \n Kok buah sampah sembarangan,Pantun Adat dan Alam
Buah duku buah rambutan \n Rasanya manis asam \n Jaga bumi jaga hutan \n Supaya lestari alam,Pantun Adat dan Alam
Buah lonjong Buah blewah \n Buah berbulu Buah rambutan \n Kalau kalain anak sekolah \n Jangan buang sampah sembarangan,Pantun Adat dan Alam
Buah semangka buah jeruk \n Di tanam di kota London \n Kalau kamu mau sejuk \n Banyak-banyaklah tanam pohon,Pantun Adat dan Alam
Bukan sembarang kacang \n Kacang terbungkus jati \n Kami tidak hanya datang \n Ayo bawa nafsu dalam hati,Pantun Adat dan Alam
Cahaya surya hangatlah sudah \n Hangatnya penuhi udara \n Indonesia sangatlah indah \n Pulau mengambang bagai mutiara,Pantun Adat dan Alam
Datang ke pasar pada hari Minggu \n Untuk membeli semangka di pasar \n Adat tersebar di seluruh Indonesia \n Sebagai identitas nasional,Pantun Adat dan Alam
Di hutan ada macan \n Di sungai ada buaya \n Ayo dong jaga lingkungan \n Biar hidup lebih tertata,Pantun Adat dan Alam
Di rumah ada kelinci \n Tidak suka memakan pisang \n Bermain pantun adatnya Betawi \n Pantang mundur sebelum bertarung,Pantun Adat dan Alam
Duduk di antara teman dan musuh \n Nan ada di sebelah kanan \n Apakah Anda ingin berdiri di atas lawan Anda? \n Kata itu berakhir di sana,Pantun Adat dan Alam
Hari panas minum blewah \n Membasahi tenggorokan kering \n Para petani turun ke sawah \n Memetik padi yang menguning,Pantun Adat dan Alam
Hijau warna kacang kecipir \n Sudah kering dibuat seni \n Menginjak kaki di atas pasir \n Ombak mengalun menemani,Pantun Adat dan Alam
Insan beriman kuat akidah \n Agar mereka masuk ke surga \n Gunung berjajar amat indah \n Mempesona alam Indonesia,Pantun Adat dan Alam
Jalan-jalan ke toko bunga \n Setangkai bunga untuk sang mama \n Ragam budaya kekayaan kita \n Sudah sepatutnya harus dijaga,Pantun Adat dan Alam
Jangkrik bunyinya krik-krik \n Sering bersuara terang bulan \n Yuk kita hemat lsitrik \n Untuk bumi di masa depan,Pantun Adat dan Alam
Jika sehat setiap hari \n Jangan lupa tuk berolahraga \n Ada adat di suku betawi \n Berpantun ria jadi namanya,Pantun Adat dan Alam
Kalau kerja dapat upah \n Punya upah bisa berdandan \n Kalian kan sudah sekolah \n Jangan buang sampah sembarangan,Pantun Adat dan Alam
Ke masjid ketemu kiyai \n Ke dukun ketemu nenek sihir \n Jangan suka buang sampah kesungai \n Nanti kalau hujan kena kena banjir,Pantun Adat dan Alam
Ke pasar beli semangka \n Sampai rumah langsung digantung \n Siapa yang suka jaga kebersihan \n Semoga dia beruntung,Pantun Adat dan Alam
Ke pasar beli telur asin \n Perginya berjalan kaki \n Jangan sungkan tuk berpantun \n Jika bertemu orang betawi,Pantun Adat dan Alam
Ke taman tiap hari selasa \n Enak nya liat satwa rusa \n Kamu main geme bisa \n Masa jaga alam gak bisa,Pantun Adat dan Alam
Kenapa orang buat roket \n Rumah besar jadi robek \n Ke gunung memakai jaket \n Hawa dingin begitu lengket,Pantun Adat dan Alam
Kepala bunga lebat \n Aroma manis bunga cempaka \n Pusaka menjaga adat \n Warisan baru dipertahankan,Pantun Adat dan Alam
Kura-kura dalam tempurung \n Usia tua tempurung lebar \n Mari wisata di tepi gunung \n Banyak taman bunga mekar,Pantun Adat dan Alam
Liburan di kota Surabaya \n Keluar dari pesawat \n Negara ini memiliki ribuan budaya \n Tanda-tanda budaya jelas,Pantun Adat dan Alam
Main game sampe malam \n Mata bisa sampe lebam \n Yuk jaga alam \n Agar nanti bisa tenteram,Pantun Adat dan Alam
Mainkan untuk melihat angsa \n Berenang angsa di rawa \n Jika tidak bisa menjaga budaya \n Identitas bangsa kita sudah berakhir,Pantun Adat dan Alam
Makan malam lauknya ikan \n Pasti habis sepiring nasi \n Jangan lupa tuk berpantun \n Jika bertamu ke rumah betawi,Pantun Adat dan Alam
Matahari mulai meredup \n Tanda akan datang malamu \n Kalau mau terumbu karangmu hidup \n Jangan cemari lautanmu,Pantun Adat dan Alam
Menanam kelapa di Pulau Bukum \n Tinggi selama berbuah \n Adat dimulai dengan hukum \n Hukum dimulai dengan kitab Allah,Pantun Adat dan Alam
Naik kuda keliling kota \n Tak lupa juga pakai sepatu \n Beribu-ribu budaya kita \n Harus dijaga sepanjang waktu,Pantun Adat dan Alam
Naik pesawat \n Ke kota Semarang \n Bangsa ini memiliki ribuan adat \n Warisan budaya leluhur,Pantun Adat dan Alam
Negeri arab negeri onta \n Penyair membuat burdah \n Betapa aku cinta \n Negeriku yang indah,Pantun Adat dan Alam
Orang cerdas berinovatif \n urang aring untuk berdandan \n Yuk berfikir konservatif \n Untuk bumi masa depan,Pantun Adat dan Alam
Orang perang pasang ranjau \n Bisa meledak di ujung tangan \n Kebun teh terhampar hijau \n Menyenangkan pandangan,Pantun Adat dan Alam
Pagi-pagi tanam rambutan \n Pilih bibitnya yang unggul \n Yuk stop kebakaran hutan \n Agar hutan tidak menggundul,Pantun Adat dan Alam
Pergi ke mal untuk membeli mangga \n Mangga milik Bupati \n Ayo kerja sama \n Semangat untuk menjaga adat,Pantun Adat dan Alam
Pergi sekolah naik sepeda \n Jangan lupa pakai sepatu \n Walau beragam budaya kita \n Tetap bersatu sepanjang waktu,Pantun Adat dan Alam
Pergi umrah ke Mekah \n Malamya sholat tahajud \n Mau pantai mu indah \n Jangan buang sampah di laut,Pantun Adat dan Alam
Perut lapar di siang hari \n Belum makan sepiring nasi \n Adat budaya wajib lestari \n Dari generasi ke generasi,Pantun Adat dan Alam
Pintu kayu kayu berpalang \n Sungguh indah amat meminang \n Pepohonan tinggi menjulang \n Berkemah di sana sungguh senang,Pantun Adat dan Alam
Saya berlari maraton di pagi hari \n Maraton berlari di sekitar sungai \n Adat budaya juga memiliki martabat \n Karena itu tidak dapat dibeli dan dijual,Pantun Adat dan Alam
Si Udin tiup balon \n Eh pecah kena sikat \n Kecil belajar tanam pohon \n Besar tuai banyak manfaat,Pantun Adat dan Alam
Sisa sabun hanya buih \n Banyak tertebar bagai benih \n Batu putih pasir putih \n Air pantainya begitu jernih,Pantun Adat dan Alam
Tanam padi di sawah \n Kalau sudah panen disetor \n Jangan sembarangan buang sampah \n Nanti  lingkungan jadi kotor,Pantun Adat dan Alam
Tiap lebaran ada ketupat \n Dimakan bersama teman \nKatanya anda pejabat \n Kok masih buang sampah sembarangan,Pantun Adat dan Alam
Usah meletakan kalung genta \n Genta berisik suaranya \n Desaku tempat wisata \n Banyak orang mengunjunginya,Pantun Adat dan Alam
Waktu petang masak ketan \n Sungguh lezat bersama rendang \n Rindu pulang kampung halaman \n Menikmati kebun dan ladang,Pantun Adat dan Alam
Ada keris dalam peti \n Terbuat dari kayu jati \n Mari semaikan budi pekerti \n Semoga panen amal di akhirat nanti,Pantun Agama
Ada lagu judul bang Thoyib \n Gak pulang-pulang apakah mati syahid? \n Dengar dentum adzan Maghrib \n Segeralah pergi ke Masjid,Pantun Agama
Adi anak tunggal \n Punya adik namanya bara \n Lima waktu kalau ditinggal \n Alamat badan akan sengsara,Pantun Agama
Angka satu setelahnya dua \n Jangan lari jangan terkejut \n Amalkan ibadah hinggalah tua \n Rajin mengaji rajin tahajud,Pantun Agama
Api merah tengah berkobar \n Apinya sangat menjalar lebar \n Hidup di dunia harus sabar \n Dadanya lapang pikiran segar,Pantun Agama
Bangunlah rumah memakai bata \n Bata disimpan menjadi dua \n Tabahkan hati meraih cita \n Kepada Tuhan kita berdoa,Pantun Agama
Berhenti di stasiun Tawang \n Disana beli gorengan \n Bulatkan tekad untuk berjuang \n Lalu tawakal kepada Tuhan,Pantun Agama
Berjalan bersama kawan \n Sungguh lebar ini senyuman \n Didik hati untuk dermawan \n Untuk mendapat kasih Tuhan,Pantun Agama
Bersama teman naik kuda pacuan \n Tapal kudanya ternyata berkarat \n Lekas pergi mengaji wahai kawan \n Agar tidak tersesat nanti di akhirat,Pantun Agama
Bertemu sahabat karib \n Di toko pak Gendut \n Setelah penuh sholat wajib \n Coba dhuha dan tahajud,Pantun Agama
Bunga mawar penuh duri \n Kena tangan sungguh tersakiti \n Sholat Ashar di sore hari \n Membuat tenang lubuk hati,Pantun Agama
Dapat kiriman karangan \n Indah sekali di taruh taman \n Pantun ini penuh wejangan \n Mudah-mudahan jadi bimbingan,Pantun Agama
Dari Aceh ada tari seudati \n Sungguh menarik dilihati \n Tawadhu merendahkan hati \n Tanda iman dalam hati,Pantun Agama
Di bukit belakang ada telaga \n Telaga itu sudah cukup tua usianya \n Belajarlah mengaji supaya kelak masuk surga \n Jangan hanya mengejar dunia dan segala isinya,Pantun Agama
Elok sekali burung dara \n Juara 1 terbang seolah-olah \n Bila berjumpa dengan saudara \n Hendaknya engkau berwajah cerah,Pantun Agama
Gelas kaca pecah di lantaiku \n Malah kena lututku \n Hormatilah ibumu dan ayahmu \n Niscaya pintu surga terbuka untukmu,Pantun Agama
Jalan-jalan ke daerah Tuban \n Kelilingnya naik delman \n Berbuat baik itu kewajiban \n Bagi setiap orang yang beriman,Pantun Agama
Jalan-jalan membeli pisang aroma \n Pisang membuat kenyang dan badan sehat \n Utamakan untuk belajar agama \n Sebagai bekal di dunia dan kelak di akhirat,Pantun Agama
Jangan sedih karene nestapa \n Sungguh enak jika dilupa \n Sholat dzuhur jangan dilupa \n Walaupun sesibuk apa,Pantun Agama
Kerjain pr jangan malas \n Eh malah main kipas \n Berbuat baik mesti ikhlas \n Tak usah berharap manusia membalas,Pantun Agama
Kuliah ikut Mapala \n Tes nya bolak-balik tangga \n Kepada Allah mohonkan pahala \n Semoga dapat memasuki surga,Pantun Agama
Lapar sekali ingin makan \n Makan dengan sambel roa \n Sholat Maghrib kita tunaikan \n Bersimpuh sepenuh jiwa,Pantun Agama
Main bareng ke telaga \n Telaga jauh di Sumbawa \n Jika berharap kepada manusia \n Pasti hati akan kecewa,Pantun Agama
Makan roti minum es tebu \n Es tebu dipakein madu \n Jangan pernah membentak ibu \n Allah akan marah kepadamu,Pantun Agama
Mama baik pergi ke pasar \n Sungguh senang tertawa lebar \n Bangunlah di saat fajar \n Tunaikan subuh dengan sabar,Pantun Agama
Menonton kajian Zakir Naik \n Sungguh ceria masih dikasih umur \n Matahari sudah naik \n Dirikanlah sholat dzuhur,Pantun Agama
Panas ini sungguh gerah \n Ingin lompat dari jembatan \n Jauhi olehmu amarah \n Amarah jalan masuk setan,Pantun Agama
Pergi ke Malaysia mampir di Kedah \n Kayaknya sih salah arah \n Banyak godaan dalam beribadah \n Tapi jangan pernah menyerah,Pantun Agama
Pergi ke pantai bersama \n Pulangnya berdua \n Ibadah di dunia tiada lama \n Akan selesai saat ajal tiba,Pantun Agama
Pergi ke pantai menikmati semilir angin \n Di pantai kebetulan banyak perahu lewat \n Pergilah belajar al-quran sebaik mungkin \n Agar kelak di akhirat banyak mendapat syafaat,Pantun Agama
Pergi ke pasar mencari daun selasih \n Jangan lupa juga beli semangka tanpa biji \n Ayo lekas berkemas mandi yang bersih \n Baru setelah itu segera pergi mengaji,Pantun Agama
Perut lapar memakan mi \n Mi direbus minum airnya \n Ingatlah selalu hadis ini \n Salat itu tiang agama,Pantun Agama
Tiada letih tiada lelah \n Tiada lubang tiada celah \n Pagi hari kita ke sekolah \n Sore hari kita ke madrasah,Pantun Agama
Adik duduk depan halaman \n Nenek lihat dengan heran \n Aku datang ke rumah paman \n Hari minggu saat liburan,Pantun Anak-anak
Akar alang entah menghilang \n Tumbuh bukan sebagai tanaman \n Hati senang bukan kepalang \n Bermain bola bersama teman,Pantun Anak-anak
Angin meniup pohon ilalang \n Berkicaulah burung kutilang \n Ayo teman kita berpetualang \n Ayo kita jadi si bolang,Pantun Anak-anak
Bapak tani membawa sabit \n Untuk memotong semua rumput \n Udin lari terbirit-birit \n Neneknya merasa amat takut,Pantun Anak-anak
Beli kain warna merah \n Sungguh indah dipandang mata \n Kalau main jangan marah \n Senang saja bersuka cita,Pantun Anak-anak
Beli penggaris dari mika \n Cicak menatap hati merenung \n Ke mana yang kamu suka \n Liburan ke pantai atau gunung,Pantun Anak-anak
Beli sabun beli blewah \n Sayang sekali uangnya kurang \n Main ke kebun turun ke sawah \n Bersama paman hatiku riang,Pantun Anak-anak
Benih padi sedang ditebar \n Burung mematuk sedang dikejar \n Ayahku memang sangat penyabar \n Jadilah aku suka belajar,Pantun Anak-anak
Bunga cantik namanya seroja \n Hewan cantik namanya rusa \n Jalan-jalan ke mana saja \n Pergi ke kota atau ke desa,Pantun Anak-anak
Bunyi kereta tut tut tut \n Terdengar hingga Ci Salak \n Udin lari terkentut-kentut \n Rupanya dikejar anjing galak,Pantun Anak-anak
Burung bangau bermain di paya \n Lalu terbang jauh ke kota \n Pak kusir selalu setia \n Temani kami dengan cerita,Pantun Anak-anak
Burung dara terbang melanglang \n Hinggapnya di pucuk dedahanan \n Setiap kali ayah pulang \n Selalu saja ada makanan,Pantun Anak-anak
Burung merpati burung dara \n Terbang tinggi jauh melanglang \n Hati ini amat gembira \n Sebentar lagi ayah pulang,Pantun Anak-anak
Dengar lagu berirama \n Tertawalah si adik manja \n Mari main bersama-sama \n Jangan duduk sendiri saja,Pantun Anak-anak
Dulang bukan sembarang dulang \n Dulang besar sebesar rantang \n Bolang bukan sembarang bolang \n Bolang pemberani menyerang pantang,Pantun Anak-anak
Empek-empek tambah cuka \n Lezat sekali dirasa lidah \n Ke kota aku sangat suka \n Ke desa juga banyak yang indah,Pantun Anak-anak
Enak rasanya es campur \n Ditemani dengan rujak \n Bermain di tanam lumpur \n Naik kerbau yang membajak,Pantun Anak-anak
Harum sekali mangga kueni \n Petik langsung dari dahan \n Teman-teman semua berani \n Loncat ke danau basah-basahan,Pantun Anak-anak
Hujan turun belum reda \n Airnya rembes dari talang \n Berpetualang selagi muda \n Hati bebas seperti elang,Pantun Anak-anak
Jalan-jalan ke kota padang \n Pergilah adik dengan abang \n Angin bertiup dengan sedang \n Layang-layang pasti terbang,Pantun Anak-anak
Jika petang suasana sepi \n Hanya angin yang menderu \n Ada juga karapan sapi \n Sapi balapan tambah seru,Pantun Anak-anak
Kain batik banyak sekodi \n Perca banyak dalam goni \n Turun ke sawah menanam padi \n Bermain lumpur seperti petani,Pantun Anak-anak
Kancil jatuh kakinya luka \n Untung ditolong oleh rusa \n Naik delman siapa suka \n Kita putar-putar desa,Pantun Anak-anak
Kancil lompat lewat kawat \n Hendak lari membeli jajan \n Sapi siapa yang paling kuat \n Itulah sapi Mbah Marijan,Pantun Anak-anak
Kancil melompat katak heran \n Katak lompat pelan-pelan \n Sebentar lagi kita liburan \n Ingin aku jalan-jalan,Pantun Anak-anak
Kolang kaling es kelapa \n Campur sedikit air nira \n Ayah pulang bawa apa \n Ayah pulang bawa gembira,Pantun Anak-anak
Lihat hiburan kuda kepang \n Penarinya sedang bergoyang \n Ayo kita ke tanah lapang \n Jangan lupa bawa layang-layang,Pantun Anak-anak
Lihatlah burung kutilang \n Terbang tinggi dia pulang \n Main dengan senang \n Jadi anak yang periang,Pantun Anak-anak
Luas nian langit biru \n Saatnya menonton kuda pacu \n Kalau dengar Ibu Guru \n Bercerita sungguh lucu,Pantun Anak-anak
Memang kancil kakinya luka \n Ia bercerita pada si rangkok \n Delman banyak yang suka \n Kuda berjalan lenggak-lenggok,Pantun Anak-anak
Menanam pinang rapat-rapat \n Jangan dicabut dengan tangan \n Larinya sapi amat cepat \n Penunggang jatuh di kubangan,Pantun Anak-anak
Pagi hari baca koran \n Baca berita orang hilang \n Bermain kejar-kejaran \n Badan sehat hati senang,Pantun Anak-anak
Pasar baru tempatnya kain \n Awas dompet jangan hilang \n Desa tempatnya bermain \n Seperti bolang berpetualang,Pantun Anak-anak
Pohon pinang besar di pangkal \n Tempat memanjat hewan kukang \n Penontonnya terpingkal-pingkal \n Celana penunggang melorot ke belakang,Pantun Anak-anak
Rajut kain dengan benang \n Rajutnya dengan putri dayang \n Ayah pulang hati senang \n Wajah ibu juga riang,Pantun Anak-anak
Sangat tajam giginya bajing \n Tajam seperti bambu runcing \n Lihat udin dikejar anjing \n Nenek takut sampai terkencing,Pantun Anak-anak
Sapi putih tarik pedati \n Pedatinya bergoyang-goyang \n Ayah selalu baik hati \n Aku ditimang aku disayang,Pantun Anak-anak
Sudah tinggi pohon enau \n Sudah terbang burung pelikan \n berpetualang ke sisi danau \n berenang gembira dengan ikan,Pantun Anak-anak
Terbang burung amat rendah \n Terbangnya dia ke utara \n Sawah itu amat indah \n Terhampar bagai selendang sutra,Pantun Anak-anak
Terbang tinggi burung pelatuk \n Datang pula burung pungguk \n Bahagianya dengarkan atuk \n Berdongeng sampai terbatuk-batuk,Pantun Anak-anak
Wangi nian kembang kenanga \n Manalah indah pohon ara \n Naik gunung mencari bunga \n Hati senang hati gembira,Pantun Anak-anak
Yang dijinjing buah salak \n Yang digenggam bumbu lada \n Pantaslah anjing galak menyalak \n Rupanya Udin suka menggoda,Pantun Anak-anak
Ada artis tampan namanya afgan \n Kalau mencari artis lucu namanya basuki \n Sayang dan kasihilah semua teman \n Supaya kelak bisa dapat banyak rizki,Pantun Budi
Ada kipas di hari panas \n Air segar obat dahaga \n Sopan santun jangan dilepas \n Itulah bekal menuju surga,Pantun Budi
Ahmad bermain di jerami \n Tersandung batu luka di tumit \n Sayangi yang ada di muka Bumi \n Niscaya disayang oleh yang di,Pantun Budi
Air putih dalam tangki \n Buah matang cobalah petik \n Jika yang lain iri dengki \n Balaslah dengan doa baik,Pantun Budi
Baju batik duduk di taman \n sujud di masjid tambah iman \n Orang baik banyak teman \n Hidup bahagia hatinya nyaman,Pantun Budi
Belanja ke pasar beli baju baru \n Pulang-pulang di rumah banyak tamu \n Selalu senantiasa hormati guru \n Supaya kelak mendapat keberkahan ilmu,Pantun Budi
Beli ikan di pasar pagi \n Bercanda ria setiap hari \n Berbaik sangkahlah setiap hari \n Agar terjaga budi pekerti,Pantun Budi
Bersama kawan bermain pasir \n Terlalu asik sampai masuk bibir \n Janganlah engkau menjadi manusia kikir \n Karena kikir akhirnya menumpulkan pikir,Pantun Budi
Bertanam cempedak di luar kota \n Tumbuh rendang condong ke desa \n Orang tidak memandang harta \n Tapi memandang budi bahasa,Pantun Budi
Biarlah biar kutanam ubi \n Tanam pula bunga melati \n Biarlah biar kutanam budi \n Budi baik dibawa mati,Pantun Budi
Biarlah orang bertanam buluh \n mari kita bertanam padi \n biarlah orang bertanam musuh \n mari kita menanam budi,Pantun Budi
Bunga mawar bunga berduri \n Tangan baik tak kan mencuri \n Sopan santun hiasan diri \n Lebih cantik daripada putri,Pantun Budi
Bunga melati hidup di darat \n Bunga teratai tumbuh di sungai \n Besi rusak karena karat \n Hina manusia karena tidak berbudi pekerti,Pantun Budi
Burung kutilang pergi ke taman \n Dengan saya dia terbang \n Jadilah orang-orang beriman \n Hati bersih dan penyayang,Pantun Budi
Dari empat hingga lima \n Hilang semua hingga punah \n Budi baik dikenang lama \n Walau jasad terkubur tanah,Pantun Budi
Disetiap tulang ada sendi \n Tulang rusak buat badan binasa \n Bangsa maju karena budi pekerti \n Runtuh budi hilanglah bangsa,Pantun Budi
Duduk di taman berlama-lama \n Taman indah banyak bunganya \n Kasih sayang kepada sesama \n Agar hati merasa bahagia,Pantun Budi
Durian manis kulit berduri \n Makan cireng ditambah cuka \n Wajah manis berseri-seri \n Semua orang jadi suka,Pantun Budi
Gelas cantik dari beling \n Baju kotor jangan direndam \n Orang baik berhati bening \n Tiada pernah menyimpan dendam,Pantun Budi
Getah nangka sangat lengket \n Jatuh ke sana banyak lalat \n Kaki yang kuat selalu berangkat \n Sholat jamaah tiada telat,Pantun Budi
Hari Minggu suhunya panas \n Panas-panas minum air yang manis \n Hilang akal karena emas \n Hilang budi pekerti karena emas,Pantun Budi
Hari petang sudah berkemas \n Malam hitam bagaikan arang \n Budi baik laksana emas \n Selalu dicari semua orang,Pantun Budi
Hidup itu hanya sekali \n Maka itu harus melakukan hal yang baik \n Apa gunanya hidup sewindu \n Kalau tidak memiliki budi pekerti yang baik,Pantun Budi
Hujan turun di malam hari \n pagi-pagi makan ketupat \n Rupa cantik dapat dicari \n Hati yang baik susah didapat,Pantun Budi
Jika ikan banyak berduri \n Hati-hati memakannya \n Jika engkau banyak memberi \n Allah kan balas berlipat ganda,Pantun Budi
Kakak cantik jagoan mama \n Disuruh masak eh malah dimakan \n Kita boleh berbeda agama \n Saling membantu tetap dijalankan,Pantun Budi
Kita berlindung dari gempa \n Kalau gempa rumah pun rata \n Sopan santun tak pernah lupa \n Itulah ada yang sangat pertama,Pantun Budi
Kotak Solo kota batik \n Ladang luas tumbuh gandum \n Kepada orang yang baik \n Hati ini selalu terkagum,Pantun Budi
Lambat berjalan si kura-kura \n Tak pandai memanjat kelapa \n Walau harta kita tak punya \n Milikilah akhlak yang mulia,Pantun Budi
Langit senja warna merah \n Duduk sedih si anak jawa \n Jadi anak jangan pemarah \n Kalau pemarah cepat tua,Pantun Budi
Lari ke hutan anak rusa \n Rusa indah dari taman \n Kalau lembut tutur bahasa \n Banyak orang merasa nyaman,Pantun Budi
Malam hari tidur nyenyak \n Pagi-pagi makan kolak \n Apa gunanya harta yang banyak? \n Kalau dirimu tak punya akhlak,Pantun Budi
Manis rasanya makan kolak \n Sambil melihat kolam ikan \n Baik budi baik akhlak \n Banyak orang yang mendoakan,Pantun Budi
Mari kita menanam tomat \n Tanam tomat di tanah darat \n Kepada yang tua hendaklah hormat \n Agar tinggi derajat martabat,Pantun Budi
Mari main layang-layang \n Jangan sampai jatuh keempang \n Siapa punya hati penyayang \n hidupnya tentu merasa lapang,Pantun Budi
Mencari kelelawar di dalam gua \n Saat pulang malah bertemu orang afrika \n Hormat dan sayangi kedua orang tua \n Jangan malah menjadi durhaka,Pantun Budi
Naik ke loteng pakai tangga \n Naik haji pergi ke Mekah \n Ucapan baik lebih berharga \n Daripada setumpuk sedekah,Pantun Budi
Nanak nasi masak sambal telok \n Ambillah kayu dibakar jadi arang \n Jadilah anak yang bersikap bijak nan elok \n Kemana kau pergi disayang orang,Pantun Budi
Pagi hari sarapan bubur \n Sayur lontong bercampur santan \n Sopan santun saat bertutur \n Lisan ini jangan menyakitkan,Pantun Budi
Pagi-pagi makan dodol \n Ada cabe dalam ulekan \n Sudah besar masih ngompol \n Malu dong sama teman,Pantun Budi
Para petani bekerja di sawah \n Di sawah menanam padi \n Hidup jangan untuk mencari musuh \n Mari kita menanam budi pekerti,Pantun Budi
Parang panjang pisau belati \n Kue bolu dalam loyang \n Jika orang rendah hati \n Semua orang akan sayang,Pantun Budi
Pasang kelambu tepi jendela \n Supaya senang pintu dikunci \n Biar beribu dara dan janda \n Saya memilih yang baik budi,Pantun Budi
Pelaut pergi berlayar \n Berpetualangan mencari peti \n Hutang harta boleh dibayar \n Hutang budi pasti dibawa mati,Pantun Budi
Pergi berlayar bersama Sania \n Jangan lupa membawa jamu \n Wanita memang perhiasan dunia \n Jagalah selalu martabat dirimu,Pantun Budi
Pergi ke masjid mendapat berkah \n Bajing kecil makan kelapa \n Kemana hendak kaki melangkah \n Budi baik jangan dilupa,Pantun Budi
Petani bergotong-royong menanam padi \n Kakinya panas bercak-bercak \n Sejak kecil harus menanam budi pekerti \n Membuat kita menjadi lebih baik,Pantun Budi
Petani menanam padi \n anak yatim diam di panti \n Akhlak baik kan abadi \n Jadi bekal di akhirat nanti,Pantun Budi
Pohon bambu di bawahnya ada batu \n Bertenggerlah burung kakak tua \n Rajin menabung suka membantu \n Idaman para calon mertua,Pantun Budi
Pohon besar sangat teduh \n Lebat daunnya banyak tangkainya \n Kalau berkawan jangan bergaduh \n Banyaklah membantu sesama,Pantun Budi
Pusing-pusing masuk masa kritis \n Kepala pusing rasanya berkunang-kunang \n Pemimpin hebat berjiwa demokratis \n Habis masa jabatan tetap dikenang,Pantun Budi
Si kancil dan si rusa \n Bermain-main di Rimba Raya \n Hormatilah sesama manusia \n Supaya hidup tentram bahagia,Pantun Budi
Siapa yang memancing ikan \n Jangan lupa makan ketan \n Siapa yang menanam kebaikan \n Kan dibalas dengan kebaikan,Pantun Budi
Sore hari berpanen padi \n Padi menguning di tengah sawah \n Jangan berat hati dalam membalas budi \n Budi akan membawa berkah,Pantun Budi
Sore-sore naik mobil ferari \n Diiringi dengan lagu melodi \n Supaya punya harga diri \n Hendaklah selalu berakhlak serta berbudi,Pantun Budi
Terbang tinggi jauh ke awan \n Pulang ke sarang di waktu senja \n Selalulah setia kawan \n Susah senang bersama-sama,Pantun Budi
Wangi harum bunga melati \n Dari jauh kota Medan \n Simpan Quran di dalam hati \n Hafalkan di lisan amalkan di badan,Pantun Budi
Ada udang di balik batu \n Ada hikmah di tiap waktu \n Ada gajah di mata aku \n Gajahnya itu adalah kamu,Pantun Jenaka
Bagai langit dan juga bumi \n Bagai pinang di belah dua \n Bagai batu di tepi kali \n Bagaimana lagi ya selanjutnya?,Pantun Jenaka
"Bagai pungguk rindukan bulan \n Bagai sungai yang meriak \n Bagai langit tanpa awan \n Bagaimana sih, kau bisa pantun atau tidak?",Pantun Jenaka
Berakit-rakit ke hulu \n Berenang-renang ke tepian \n Berfoya-foya terlebih dulu \n Dikejar-kejar bank kemudian,Pantun Jenaka
Berjalan-jalan ke perkotaan \n Pulangnya beli makanan ringan \n Dipalak orang di tengah jalan \n Kandaslah sudah makanan ringan,Pantun Jenaka
Habis manis sepah dibuang \n Habis gelap terbitlah terang \n Habis uang terbitlah ngutang \n Tak sanggup bayar bogem melayang,Pantun Jenaka
Istal itu kandangnya kuda \n Rumah itu kandangnya kita \n Ada pria tampan mukanya \n Sayangnya ia si orang gila,Pantun Jenaka
Jika engkau sedang di Lamongan \n Engkau harus coba makan soto \n Swadaya kini sudah tak zaman \n Karna sekarang zaman swafoto,Pantun Jenaka
Karena nila yang satu titik \n Rusaklah susu satu belanga \n Karena kentut sekian detik \n Semua orang cium baunya,Pantun Jenaka
Pak Ujang bermain kendang \n Bu Aminah membuat rendang \n Ada uang abang kusayang \n Tak ada uang abang ku tendang,Pantun Jenaka
Satu ditambah satu menjadi dua \n Dua ditambah tujuh jadi sembilan \n Sembilan dikurang empat jadi lima \n Ini tuh pantun atau hitungan?,Pantun Jenaka
Sedikit ucap banyak bekerja \n Itu semboyan di masa lampau \n Sedikit kerja banyak ngeluh-nya \n Itu semboyan orang zaman now,Pantun Jenaka
Tangkai mawar banyak berduri \n Kelopak mawar merah sekali \n Sungguh aku malu sekali \n Terciduk sedang ngompol di kali,Pantun Jenaka
Ada Tukang kayu membuat Peti \n Peti yang bagus berbahan kayu jati \n Mari bersihkan diri dan sucikan hati \n Jauhkan sifat dengki serta iri hati,Pantun Nasihat
Air dan api selalu berlawanan \n Langit dan bumi adalah berjauhan \n Kalau hati penuh kedengkian \n Siapalah orang yang akan mau berteman,Pantun Nasihat
Anak ayam turun sepuluh \n Mati seekor tinggal sembilan \n Bangun pagi sembahyang subuh \n Minta doa kepada Tuhan,Pantun Nasihat
Anak gadis dengan pipi merona \n Memakai gelang dari mutiara \n Agar hidupmu penuh dengan  \n Cobalah peduli dengan saudara,Pantun Nasihat
Anak kancil berlomba lari \n Di tengah jalan berjumpa singa \n Jagan jahil di sepanjang hari \n Menuntut ilmu wajib hukumnya,Pantun Nasihat
Anak kecil bermain batu \n Batu besar dilempar masuk sumur \n Belajar jangan mengenal waktu \n Juga jangan mengenal umur,Pantun Nasihat
Anyit suka kopi susu \n Minum kopinya bersama-sama \n Biasakanlah membaca buku \n Sebab ia jendela dunia,Pantun Nasihat
Ayahku seorang petani \n Bekerja tiap hari di tanah ladang \n Ayo belajar hari ini \n Untuk masa depan yang lebih gemilang,Pantun Nasihat
Bawa umpan pancing dengan wadah \n Jerat gerombol ikan dengan jala \n Luruskan niat dalam ibadah \n Agar berkah dan berpahala,Pantun Nasihat
Beli lemon di Pak Petrus \n Makannya bareng sama Mbak Yum \n Manfaatkan waktu belajar terus \n Dan buat orang tuamu tersenyum,Pantun Nasihat
Beli mangga bersama Tania \n Tania membeli mangga empat \n Jangan bosan untuk berdoa \n Niscaya dikabulkan disaat tepat,Pantun Nasihat
Beli sayur di toko Olga \n Sayang Olga sedang rehat \n Jangan lupa olahraga \n Agar tubuh dalam kondisi sehat,Pantun Nasihat
Berjalan-jalan menuju Bali \n Pergi jauh mencari aneka mainan \n Kepada Tuhan-lah kita kembali \n Mohonlah doa dan ampunan,Pantun Nasihat
Berlari-lari memacu waktu \n Tetap tertinggal gerbong kereta \n Letakan Pendidikan di nomor satu \n Untuk kemajuan bangsa dan negara,Pantun Nasihat
Besi itu sudah menua \n Akan dibuat kasur pakai busa \n Jangan membangkang perintah orang tua \n Sebab akan menambah dosa,Pantun Nasihat
Buat apa berbaju batik kalau \n Tidak pake selendang \n Buat apa berwajah cantik \n Kalau tidak mau sembahyang,Pantun Nasihat
Dani suka terbawa arus \n Hingga lupa jati dirinya \n Semangat lah belajar yang terus-menerus \n Kelak akan kau petik buahnya,Pantun Nasihat
Gelas termasuk barang pecah belah \n Maka jika dipegang terasa keras \n Marilah semangat pergi ke sekolah \n Tuntut ilmu dengan rajin jangan malas,Pantun Nasihat
Hari ini hari Selasa \n Esok hari berganti Rabu \n Jika ingin masuk ke surga \n Ingat ibadah nomor satu,Pantun Nasihat
Hari Minggu belanja ke pasar \n Membeli sayuran dan juga beras \n Tiap hari rajinlah belajar \n Agar di masa depan jadi orang yang cerdas,Pantun Nasihat
Ikut lomba dan kalah \n Pulang-pulang hati kesal \n Waktu muda rajinlah sekolah \n Agar di masa tua tak menyesal,Pantun Nasihat
Joni gemar bakso urat \n Bakso uratnya pakai mie dan sayur-sayuran \n Jika kamu ingin hidup selamat \n Cobalah selalu taat perintah Tuhan,Pantun Nasihat
Joni main bersama Yusa \n Tapi lupa mengajak Firman \n Jangan pernah remehkan puasa \n Karena puasa termasuk rukun iman,Pantun Nasihat
Joni memancing di kala fajar \n Pulang menenteng banyak ikan \n Bagi siapa yang rajin belajar \n Pasti akan sukses kemudian,Pantun Nasihat
Joni pergi ke sekolah terlambat \n Hingga gurunya memarahi \n Jangan pernah meninggalkan sholat \n Agar terus mendapat ridho ilahi,Pantun Nasihat
Joni suka olahraga lari \n Budi suka memahat \n Jaga pola makan sehari-hari \n Agar tubuh menjadi sehat,Pantun Nasihat
Kalau bulan rindukan mentari \n Tentu malam akan rindu siang \n Kalau hati cinta Ilahi \n Tentu dirinya akan merasa tenang,Pantun Nasihat
Kalau sahabat membeli bunga \n Jangan lupa membawa bekal \n Jika sahabat mengejar dunia \n Jangan sampai akhirat tertinggal,Pantun Nasihat
Ke toko swalayan membeli minyak zaitun \n Tiba di swalayan banyak anak bermain \n Selalu lah menjaga sopan santun \n Agar dihargai oleh orang lain,Pantun Nasihat
Kehulu sungai gunakan rakit \n Dari bambu diikat kuat \n Bila ucapku buatmu sakit \n Maaf darimu sangat kuharap,Pantun Nasihat
Liburan asyik pergi ke Blitar \n Tak ingin pulang terburu-buru \n Jika ingin menjadi anak yang pintar \n Belajar dan Berterima Kasih lah pada bapak ibu guru,Pantun Nasihat
Liburan ke Batu hari Minggu \n Upaya menghilangkan kau punya cemas \n Makanlah selalu tepat waktu \n Agar tubuh tak mudah lemas,Pantun Nasihat
Malam minggu malam penuh canda \n Bersantai sambil berdendang gitar \n Belajarlah kamu selagi muda \n Agar nanti jadi anak pintar,Pantun Nasihat
Mawar merah melati putih \n Bunga anggrek pun banyak gunanya \n Mari biasakan hidup bersih \n Buanglah sampah pada tempatnya,Pantun Nasihat
Menulis puisi dengan penuh tanya \n Tak lama kemudian ada tamu \n Sebut nama pujaan dihadapanNya \n Siapa Tau ia jodohmu,Pantun Nasihat
Naik kereta di malam hari \n Kereta cepat memacu laju \n Jadilah engkau anak yang berani \n Tak pernah ragu dan terus maju,Pantun Nasihat
Nonton sepak bola bareng Galuh \n Si Galuh gemar grup bola MU \n Dalam hidup jangan mengeluh \n Ingat kerja-keras orang tuamu,Pantun Nasihat
Pagi hari petani datang menyemai \n Padi tumbuh disiram sudah \n Jika ingin hidup dalam damai \n Jangan pernah lupa beribadah,Pantun Nasihat
Pak Yudi gemar bertapa di gua \n Kertas dibakar menjadi abu \n Jangan suka membohongi orang tua \n Sebab surga ditelapak kaki ibu,Pantun Nasihat
Pergi Haji ke Kota Mekah \n Jangan Lupa bawa Kedondong \n Orang yang Rajin sedekah \n Insya Aallah masuk Surga dong,Pantun Nasihat
Pergi ke pasar beli bawang \n Beli bawang tidak pakai kulit \n Hati hati lah jadi orang \n Jadi orang janganlah suka pelit,Pantun Nasihat
Pergi ke swalayan untuk belanja \n Di tengah jalan bertemu anak sma \n Kalau di sekolah jangan ribut saja \n Dengarkan nasihat guru dengan seksama,Pantun Nasihat
Pergi kemah jangan lupa membawa tenda \n Tenda yang dibawa milik Dima \n Punya rejeki beramal jangan ditunda \n Tunaikan rukun iman yang ke lima,Pantun Nasihat
Pisang emas dibawa berlayar \n Masak sebiji di atas peti \n Hutang emas boleh dibayar \n Hutang budi dibawa mati,Pantun Nasihat
Pohon pisang di halaman sudah berbuah \n Padahal minggu lalu baru diberi pestisida \n Periksa kembali pelajaran di rumah \n Acara bermain bisa ditunda,Pantun Nasihat
Pukul tujuh pagi telah masuk kelas \n Mengerjakan tugas yang cukup rumit \n Menuntut ilmu haruslah ikhlas \n Wujudkan cita-citamu setinggi langit,Pantun Nasihat
Putih putih bunga melati \n Tumbuh dekat pohon kemangi \n Barang siapa rendah hati \n Derajatnya akan menjadi tinggi,Pantun Nasihat
Rusa banyak dalam rimba \n Kera pun banyak tengah berhimpun \n Dosa banyak dalam dunia \n Segeralah kita minta ampun,Pantun Nasihat
Semua lauk habis sudah \n Tertinggal sepiring gula-gula \n Sejak kini rajinlah ibadah \n Niscaya kelak peroleh surga,Pantun Nasihat
Si Joni langganan juara satu \n Padahal hobinya tidur pulas \n Kumpulkan PR tepat waktu \n Agar bisa naik kelas,Pantun Nasihat
Siput mudah dikejar \n Tak dapat ia cepat berlari \n Ilmu didapat dengan belajar \n Namun harus sepenuh hati,Pantun Nasihat
Sungguhlah manis si buah nangka \n Makannya hati-hati karena ada getahnya \n Jauhkan diri untuk berburuk sangka \n Buruk sangka itu tdak baik akibatnya,Pantun Nasihat
Ada bubu di kayu Rengat \n Dengan tali bubu terikat \n Kasih ibu begitu hangat \n Kepadanya kami teringat,Pantun Orangtua
Anak ayam memakan lipan \n cepat sekali mematuknya \n Belajarlah demi masa depan \n agar hidupmu bahagia,Pantun Orangtua
Anak bayi dalam kelambu \n Bulan datang alangkah pucatnya \n Siapa tunduk kepada Ibu \n kan ditinggikan derajatnya,Pantun Orangtua
Anak kecil main layang-layang \n Pergi ke lio membakar bata \n Sayang sayang seribu kali sayang \n Yang di sayang Ibu tercinta,Pantun Orangtua
Anak raja mengembara \n Dari gunung hingga lembah \n Lemah lembut-lah saat bicara \n Apalagi di depan ibu dan ayah,Pantun Orangtua
Apa tanda sapi pedati \n Membawa gerobak jalan lamban \n Apa tanda anak berbakti \n Kepada Ibu selalu sopan,Pantun Orangtua
Badan merah si ular naga \n Walau besar tak berbisa  \n Jika bahagia di keluarga \n Bahagia pula di luar sana,Pantun Orangtua
Baju cantik ujung berenda \n Membuat sendiri tentu tak bisa \n Jika Ibu telah tiada \n Hati merana baru terasa,Pantun Orangtua
Baju putih baju berenda \n Tebu manis terperas sepah \n Bila ayah bunda tiada \n Kemana rindu hendak tertumpah,Pantun Orangtua
Bambu kecil dibuat tangga \n Makan nasi diberi lada  \n Bekerja keras untuk keluarga \n Rasa bahagia masuk di dada,Pantun Orangtua
Bangau turun ke tanah rawa \n mencari ikan dapatnya serangga \n Berbakti kepada orang tua \n adalah jalan menuju surga,Pantun Orangtua
Bangun pagi di hari selasa \n Tidak lupa sarapan pagi \n Kasih ibu sepanjang masa \n Yang tak terbayar pengorbanannya,Pantun Orangtua
Bapak haji membeli sorban \n Kota Bogor banyak talasnya \n Betapa banyak Ibu berkorban \n Tak mungkin aku membalasnya,Pantun Orangtua
Batu kecil berbongkah-bongkah \n Pergi ke kebun memetik pala \n Jauh kaki untuk melangkah \n Kepada rumah teringat pula,Pantun Orangtua
Bayi tidur Dalam Kelambu \n Habis makan buah pepaya \n Betapa hangat kasih ibu \n Bagai Cahaya sang surya,Pantun Orangtua
Beli kelambu di pasar raya \n Kelambu indah bergambar rusa \n Selamat hari Ibu untuk semua \n Semoga Ibu bahagia senantiasa,Pantun Orangtua
Beli sorban putih warnanya \n Dalam kereta anak bercerita \n Rela berkorban untuk anaknya \n Rela menderita agar anak bahagia,Pantun Orangtua
Bintang timur amat jelita \n berpendar indah cahayanya \n Bahagiakan hati Ayah kita \n dengan belajar serajin-rajinnya,Pantun Orangtua
Buah jambu buah markisa \n Dipetik di ujung desa \n Hati ibu sungguh mulia \n Kasihnya membawa ke surga,Pantun Orangtua
Buah kemumu segar rasanya \n disimpan dalam kotak papan \n Dengarkan olehmu nasehatnya \n sebagai bekal di masa depan,Pantun Orangtua
Buah mangga buah jambu \n Paling manis dibuat rujak \n Aku sangat bangga padamu ibu \n Walau lelah kau tetaplah bijak,Pantun Orangtua
Buah matang tolong petikan \n akan dimasak dengan santan \n Di setiap sholat kita doakan \n agar Ayah mendapatkan keselamatan,Pantun Orangtua
Bukan pandai bukan sakti \n Hanya tekun pada diri \n Kepada Ibu selalu berbakti \n Itulah jalan menuju bahagia abadi,Pantun Orangtua
Bunga mawar dihinggapi kupu-kupu \n Karena mawar indah mempesona \n Surgaku ada dibawah telapak kaki ibu \n Karena ibu berhati mulia,Pantun Orangtua
Bunga mekar berseri-seri \n kancil memandang dari kursi \n Ayah pergi pagi setiap hari \n demi mendapat sesuap nasi,Pantun Orangtua
Burung dara terbang melayang \n Hinggap satu di atas kereta  \n Sayang sayang seribu sayang \n Yang disayang keluarga kita,Pantun Orangtua
Burung pipit burung kutilang \n Terbang semua diganggu kera  \n Rasa sayang jangan hilang \n Untuk keluarga yang tercinta,Pantun Orangtua
Dari pantai mengambil ikan \n Bertumpuk ikan di pelabuhan \n Semoga ibu dimaafkan \n Dari segala dosa dan kesalahan,Pantun Orangtua
Duduk di singgasana tuan Raja \n kancil bagai peminta-minta \n Siang malam ayah bekerja \n agar kita tak terlunta-lunta,Pantun Orangtua
Gelas Kaca mudah pecah \n Pergi ke pasar membeli tiga \n Bila hati terasa susah \n Teringat diri pada ibunda,Pantun Orangtua
Hari Minggu minum jus jambu \n Jus jambu dikasih Pak Nanap \n Setiap malam ibu menimang aku \n Agar tidurku begitu lelap,Pantun Orangtua
Hari Sabtu minum jus jambu \n Jus jambu dikasih Bu Nunu \n Terima kasih atas kasihmu \n Yang tak terhingga sepanjang waktu,Pantun Orangtua
Hidup indah karena seni \n Langit indah karena Pelangi  \n Cinta kasih mekar bersemi \n Kepada sesama saling menyayangi,Pantun Orangtua
Ikan sungai masuk ke bubu \n Bambu tajam dibuat sembilu \n Kuucapkan selamat hari Ibu \n Jasa-jasamu terkenang selalu,Pantun Orangtua
Indramayu kota mangga \n Bambu kebun dibuat tangga \n Rela berkorban jiwa dan raga \n Moga Ibu masuk ke surga,Pantun Orangtua
Jalan-jalan ke Jakarta \n Pulang ke kampung di situ lembah \n Kasih sayang laksana bunga \n Bila mekar terlihat indah,Pantun Orangtua
Jalan-jalan ke Tanjung Pinang \n ramai orang di batu belah \n Hatinya pasti akan senang \n bila melihatmu jadi anak shalehah,Pantun Orangtua
Jika datang hari raya \n banyak orang yang bergaya \n Jika hidupmu bahagia \n bahagia pula hati Ayah,Pantun Orangtua
Kain batik kain kebaya \n Kancil lari ke dekat rusa \n Moga Ibu selalu bahagia \n Sehat selalu ke akhir masa,Pantun Orangtua
Kayu kering mudah patah \n Kapuk putih dari randu \n Ke manapun kaki melangkah \n Pada Ibu selalu rindu,Pantun Orangtua
Ke pasar membel ikan belida \n ikan belida sedap rasanya \n Selagi Ayah masih ada \n jangan berlaku sia-sia,Pantun Orangtua
Kota Bogor kota tanah \n Ada pula Taman Rusa \n Kasih Ibu tiada terbalas \n Mengalir terus sepanjang masa,Pantun Orangtua
Kue klepon campur kelapa \n Agar sedap semua rasa \n Jasa Ibu jangan dilupa \n Kan terkenang sepanjang masa,Pantun Orangtua
langit cerah berwarna biru \n Sungguh sedap dipandang mata \n Betapa damai di sisi ibu \n Terasa kasihnya hingga ke sukma,Pantun Orangtua
Main api berbahaya \n Ikan mati di dalam kolam \n Kasih sayang laksana cahaya \n Menerangi jiwa nan kelam,Pantun Orangtua
Malam hari makan buah jambu \n Makannya dibawah terangnya bulan \n Sembilan bulan mengandung diriku \n Pengorbananmu tak akan mampu terbalaskan,Pantun Orangtua
Mawar mekar dan merekah \n bagus dipandang warnanya merah \n Lelah Ayah mencari nafkah \n doakan agar rezekinya berkah,Pantun Orangtua
Memandang langit diakhir tahun \n Melihat terangnya cahaya bulan \n Ibu rasa lelah mampu kau tahan \n Demi anakmu engkau rela berkorban,Pantun Orangtua
Mendung hitam terasa sendu \n Manis air dari tebu \n Pada Ibu selalu rindu \n Terkenang selalu dalam qolbu,Pantun Orangtua
Mentari pagi sudah berpijar \n ke wajah Bumi cahayanya \n Jika kita tekun belajar \n Ayahpun pasti bahagia,Pantun Orangtua
Naik mobil naik kereta \n Dari Bali ke pulau Jawa \n Rindu hati pada ayah bunda \n Ingin memeluk sepenuh jiwa,Pantun Orangtua
Naik pesawat ke Madura \n Tidak lupa membeli baju \n Ibu begitu indah telapak kakimu \n Di sanalan tempat surgaku,Pantun Orangtua
Nasi kemarin sudah basi \n bercampur dengan ikan teri \n Jadilah anak yang berprestasi \n agar hatinya berseri-seri,Pantun Orangtua
Onta bukan sembarang onta \n Onta dari Saudi Arabia \n Cinta bukan sembarang cinta \n Cinta ibu tiada terkira,Pantun Orangtua
Pagi hari surya datang \n Penuh bumi dengan cahaya \n Ayah ibu selalu berjuang \n Agar keluarga hidup bahagia,Pantun Orangtua
Pantun untuk Ibu Terkasih \n Pulang siang di hari rabu \n Langsung tidur didalam rumah \n Walau aku sering mengecewakanmu \n Kasih ibu tetap tercurah,Pantun Orangtua
Pergi ke pasar membeli baju \n Warnanya putih abu-abu \n Kasih sayang seorang ibu \n Selalu ada sepanjang waktu,Pantun Orangtua
Pipit bersiul dengan riang \n Bernyanyi di puncak kelapa  \n Kepada adik mestilah sayang \n Kepada kakak mestilah cinta,Pantun Orangtua
Pisau tajam dari baja \n Lama-lama juga patah  \n Hormati ayah yang bekerja \n Berjuang untuk memberi nafkah,Pantun Orangtua
Ranting tua mudah patah \n Burung bertelur ada tiga \n Ayah bekerja mencari nafkah \n Siang malam demi keluarga,Pantun Orangtua
Rumah kotor oleh jelaga \n Jelaga hadir di para-para \n Jangan sia-siakan keluarga \n Supaya hidup tidak sengsara,Pantun Orangtua
Sawah luas tempatnya padi \n padi dibawa dengan pedati \n Jadilah anak yang berbudi \n pada Ayah kita berbakti,Pantun Orangtua
Siapa punya selendang mayang \n Dialah putri dari kerajaan  \n Siapa orang yang paling sayang \n Dialah ibu selalu penuh perhatian,Pantun Orangtua
Siapa suka makan tomat \n Tomat sayur bukan buah \n Siapa orang yang harus dihormat \n Itulah Ibu dengan ayah,Pantun Orangtua
Siput berjalan dengan lamban \n menuju ibukota kerajaan \n Menghormati Ayah adalah kewajiban \n yang tercantum dalam al Quran,Pantun Orangtua
Suku badui suka berpindah \n Badan sehat kuat tenaga \n Permata yang paling indah \n Dialah sebuah keluarga,Pantun Orangtua
Sungai amat jerniah airnya \n tempat bersarang si lintah \n Patuhi perintah darinya \n jangan suka membantah,Pantun Orangtua
Sungguh enak buah berduri \n Dipetik dari tanah Deli \n Berjuang Ibu setiap hari \n Badan letih tak peduli,Pantun Orangtua
Sungguh panjang sisi ikan pari \n Berenang-renang hingga ke tepi \n Hilang  harta bisa dicari \n Hilang kasih kan terasa sepi,Pantun Orangtua
Sungguh segar air selasih \n Untuk diminum waktu dahaga \n Sayangi ibu yang penuh kasih \n Berletih-letih  menjaga kita,Pantun Orangtua
Sungguh Tinggi pohon kelapa \n Petik satu nikmati rasa \n Kehangatan kasih tak terlupa \n Kan terkenang sepanjang masa,Pantun Orangtua
Tali panjang tolong ingatkan \n Tertiup angin melayang-layang \n Doa tulus kita panjatkan \n Untuk ibu yang tersayang,Pantun Orangtua
Taman Indah terdapat kolam \n Bunga dipetik dari hutan \n Kasih Ibu begitu dalam \n Lebih dalam dari lautan,Pantun Orangtua
Tanam jagung tanam tebu \n Tanamnya di tengah sawah \n Terima kasih padamu ibu \n Telah membesarkan sepenuh jiwah,Pantun Orangtua
Tanam tebu jauh di lembah \n Bunga melati mulai merekah \n Hormati Ibu hargai ayah \n Agar hidup selalu berkah,Pantun Orangtua
Tebu manis makanan Panda \n Tebang satu di hari raya \n Kasih sayang ayah dan bunda \n Menjadikan hati rasa bahagia,Pantun Orangtua
Terbang tinggi si elang sakti \n hinggap ia dipohon meranti \n Jadilah anak yang berbakti \n kata-katanya engkau turuti,Pantun Orangtua
Tiada henti larinya \n kaki kancil merasa lelah \n Hatinya akan bahagia \n bila engkau rajin sekolah,Pantun Orangtua
Ular panjang ular naga \n Meliuk-liuk punya mahkota  \n Tiada harta yang berharga \n Melainkan keluarga yang tercinta,Pantun Orangtua
Untuk apa minyak jelantah \n untuk dicampur dengan cuka \n Kalau engkau suka membantah \n pastilah Ayah akan berduka,Pantun Orangtua
Ada kucing sedang mengeong \n Meminta makan pada induknya \n Jika berilmu janganlah sombong \n Yang lebih pintar banyak jumlahnya,Pantun Pendidikan
Air tidak hanya ada di gelas \n Di teko pun ada air selalu \n Pengajar bukan hanya di kelas \n Pengalaman pun juga gurumu,Pantun Pendidikan
Anak kecil bernama Sonia \n Jika sakit minumlah jamu \n Siap hendak dapat dunia \n Mestilah ia menuntut ilmu,Pantun Pendidikan
Anak kucing mengejar tikus \n Tikus berlari terbirit-birit \n Jika belajar tidak serius \n Menjadi pintar pun makin sulit,Pantun Pendidikan
Ayam enak jika dibakar \n Namun lebih mantap dijadikan pepesan \n Guru jangan hanya pandai mengajar \n Namun harus jadi teladan,Pantun Pendidikan
Begitu luas lautan \n Yang harus kita selami \n Begitu luas wawasan \n Yang harus kita dalami,Pantun Pendidikan
Beli bola jumlahnya lima \n Aneka rupa warna-warnanya \n Ilmu agama adalah utamanya \n Bekal akhirat dan juga dunia,Pantun Pendidikan
Beli dua dapat tiga \n Murahlah hati penjualnya \n Cita-cita hendak ke surga \n Janganlah Kamu silau dunia,Pantun Pendidikan
Beli kacang beli kecipir \n Kayu jati bagus diukir \n Pada teman janganlah kikir \n Jadilah orang pandai berpikir,Pantun Pendidikan
Beras baru di karung goni \n Pagi hari membawa ke pasar \n Jadilah sosok yang berani \n Jika berjalan di arah yang benar,Pantun Pendidikan
Berkilau cahaya dari permata \n Sebagai hiasan untuk kepala \n Siapa yang bakti pada pencipta \n Tentunya akan dapat pahala,Pantun Pendidikan
Berkumpul dengan keluarga untuk arisan \n Pelamun sibuk dengan khayalan \n Barang siapa bermalas-malasan \n Kelak hidup penuh dengan penyesalan,Pantun Pendidikan
Bersedekahlah pada si Miskin \n Banyak dosa segera bertaubat \n Kajilah Al Quran sebaik mungkin \n Agar jadi syafaat di hari kiamat,Pantun Pendidikan
Buah duku asal Palembang \n Pulau Bali terkenal mangganya \n Membaca buku janganlah jarang \n Sebab buku jendela dunia.,Pantun Pendidikan
Burung bangau turun ke rawa \n Datangnya dari Selat Malaka \n Hormatilah dua orang tua \n Jangan Kamu bersikap durhaka,Pantun Pendidikan
Burung-burung saling kicau menyahuti \n Tetapi jangan sampai ada kelahi \n Sesama teman harus saling hormati \n Jangan malah saling memaki,Pantun Pendidikan
dari Trengganu menuju Kedah \n Kuala Lumpur terlewatlah sudah \n Siapa yang rajin beribadah \n Maka surga tempatnya indah,Pantun Pendidikan
Daun pandan daun suji \n Ada juga daun selasih \n Bersihkan badan pergi mengaji \n Supaya hati menjadi bersih,Pantun Pendidikan
Di laut ada ubur-ubur \n Di ladang menanam umbi kencur \n menyesal mayat di dalam kubur \n Dipalu dicambuk badannya hancur,Pantun Pendidikan
Hari minggu memancing ikan \n Ikan dibakar lalu dimakan \n Puasa Ramadhan harus dijalankan \n Doa setahun terhapuskan,Pantun Pendidikan
Hayam Wuruk raja yang masyhur \n Gajah Mada menyatukan Bangsa \n Cinta ilmu sepanjang umur \n Cinta bangsa sepanjang masa.,Pantun Pendidikan
Hidup bahagia orang yang iman \n Hatinya tunduk pada Rabbul Izzati \n Kasih sayanglah kepada teman \n Banyak teman banyak rezeki,Pantun Pendidikan
Hidup di dunia tidak akan lama \n Ke akhirat lah tempat berpulang \n Rendah hatilah pada sesama \n niscaya diri akan disayang,Pantun Pendidikan
Hujan turun bulan Januari \n Membuat banjir di sekitaran \n Mari belajar sepanjang hari \n Dari buaian hingga kuburan,Pantun Pendidikan
Jalan-jalan di Kota Blitar \n Jangan lupa membeli sukun \n Jikalau Kamu ingin pintar \n Belajarlah dengan tekun,Pantun Pendidikan
Jangan pakai baju merah \n Warna merah banteng suka \n Jangan suka marah-marah \n Marah itu banyak ruginya,Pantun Pendidikan
Jangan remehkan burung hantu \n Sebab burung pun bisa memekik \n Janganlah sombong jika berilmu \n Sebab hal itu tidaklah baik,Pantun Pendidikan
Jauh rezeki tak perlu dipikirkan \n Bekerja dan berdoa pada Tuhan \n Apabila pendidikan disingkirkan \n Bersiap hadapi kesulitan,Pantun Pendidikan
Jika akan datang melamar \n Jangan banyak tulis dihapus \n Pabila siswa rajin belajar \n Sudah pasti akan lulus.,Pantun Pendidikan
Jika Kamu hendak beli bubur \n Belinya saat siang \n Jika Kamu orang yang jujur \n Banyak orang yang akan sayang,Pantun Pendidikan
Jikalau Kamu bertemu Agung \n Sampaikan salamku padanya \n Kalau nanti Kamu bingung \n Tanyakan langsung pada ahlinya,Pantun Pendidikan
Jikalau sungai semakin meriak \n Air pun mengalir sampai lautan \n Sesudah dapat ilmu banyak \n Jangan lupa ajarkan juga amalkan,Pantun Pendidikan
Kalau harimau sedang mengaum \n Bunyinya sangat berirama \n Kalau ada ulangan umum \n Marilah kita belajar bersama,Pantun Pendidikan
Kalau Kamu pergi ke dusun \n Jangan lupa membawa beras \n Belajarlah secara tekun \n Supaya Kamu naik kelas.,Pantun Pendidikan
Ladang sawah selalu digarap \n Pak Tani dapatkan untung \n Cinta Allah selalu diharap \n dari murka-Nya kita berlindung,Pantun Pendidikan
Langit membentang berwarna biru \n Langit dan laut tak akan bertemu \n Hormati olehmu seorang guru \n Mereka jadi sumber segala ilmu,Pantun Pendidikan
Malam hari membakar ikan \n Meniti kaki pada semaian \n ketekunan tidak dapat digantikan \n Sekalipun dilakukan oleh kepandaian,Pantun Pendidikan
"Mawar merah, mawar putih \n Tumbuh berkembang setinggi kaki \n Jangan mudah Kamu marah \n Niscaya akan seret rezeki",Pantun Pendidikan
Memang jauh negeri Arab \n Tempat tinggal bagi kerabat \n Kepada Allah kita berharap \n Mendapat ampunan dan juga rahmat,Pantun Pendidikan
Mendapat rusa belang di kaki \n Rusanya makan daun suji \n Hendaklah Kamu memiliki \n Segenap akhlak baik terpuji,Pantun Pendidikan
Merah warna buah tomat \n Membuat sayur jadi nikmat \n Mari kita mencari sahabat \n Supaya hidup punya manfaat.,Pantun Pendidikan
Orang bijak suka pada bahasa \n Bahasa luas bahasa masyarakat \n Bahasa adalah identitas Bangsa \n Bangsa terhotmat memiliki martabat.,Pantun Pendidikan
Pabila pohon harus dipanjat \n Kaki janganlah hingga melompat \n Kalau ingin naik derajat \n Ilmu dan iman haruslah diangkat,Pantun Pendidikan
Percuma Kamu punya liontin emas \n Jika emasnya palsu \n Percuma miliki otak cerdas \n Kalau akhlak buruk selalu,Pantun Pendidikan
Pergi ke pasar naik delman \n Di pasar bertemu saudagar \n Orang sabar disayang tuhan \n Dibenci Tuhan jika tak sabar,Pantun Pendidikan
Petang datang para tamu \n Jauh ada di seberang sama \n Rajinlah Kamu mencari ilmu \n Untuk bekal di hari tua,Pantun Pendidikan
Pisau di dapur harus diasah \n Supaya daging dapat dicacah \n Belajar tidak kenal lelah \n Niscaya akan mendapat faedah,Pantun Pendidikan
Pohon jati kuat kayunya \n Pohon nyiur batangnya tinggi \n Murid sejati banyak ilmunya \n Untuk bekal di hari nanti,Pantun Pendidikan
Pohon menjulang tinggi-tinggi \n Jangan sampai ia ditebang \n Guru mengajarlah sepenuh hati \n Jangan sekadar mencari uang,Pantun Pendidikan
Potong bambu dengan dibelah \n Bambu terbelah terkena matahari \n Barang siapa yang malas sekolah \n Akan menyesal di kemudian hari.,Pantun Pendidikan
Sembilu yang tajam menyayat \n Daun kelapa dibuat ketupat \n Jauhilah segala maksiat \n Ilmu akan masuk dengan cepat,Pantun Pendidikan
Senja hari langit warna jingga \n Datang perit lantas membelah \n Berjuanglah jangan menyerah \n Jika begitu tak akan kalah,Pantun Pendidikan
Surya tenggelam di ufuk Barat \n Bulan dengan matahari tak bertemu \n Siapa mau mendapat akhirat \n Kejarlah ia dengan ilmu,Pantun Pendidikan
Syair indah tersebab rima \n direnungi oleh para petapa \n Ilmu agama adalah utama \n Ilmu dunia tak boleh dilupa,Pantun Pendidikan
Tegak rumah ada tiang \n Rumah panggung terdapat kolong \n Sewaktu hidup tak pernah sembahyang \n Masuk neraka tak ada penolong,Pantun Pendidikan
Topan badai datang melanda \n Mengiring awan yang gemawan \n Dunia penuh dengan godaan \n Di dalamnya ada banyak tipuan,Pantun Pendidikan
Tuang tajin dalam loyang \n Loyangnya bekas ketan \n Jika Kamu rajin sembahyang \n Pasti akan disayang Tuhan,Pantun Pendidikan
Warna merah adalah tanda \n masuk sudah waktu senja \n Dengar nasihat wahai ananda \n Pendidikan adalah hal utama,Pantun Pendidikan
Ada sebiji roda pedati \n Bentuknya bulat daripada besi \n Bila bermain diikat sekuat hati \n Dilempar hidup dipegang mati?,Pantun Teka-Teki
Ada sejenis haiwan perkasa \n Badannya besar bagai gergasi \n Kepada manusia banyak berjasa \n Menarik balak gagah sekali,Pantun Teka-Teki
Ada tubuh ada tangan \n Tiada kepala tiada kaki \n Sangat berguna waktu hujan \n Apakah dia yang dimaksudkan ini,Pantun Teka-Teki
Anak-anak bermain batu \n Batu dilempar satu per satu \n Badannya lurus bermata satu \n Ekornya tajam apakah itu?,Pantun Teka-Teki
Belayar kapal dari lautan \n Menuju arah Selat Malaka \n Lebar kepala daripada badan \n Apakah itu cobalah terka?,Pantun Teka-Teki
Belayar perahu dari Bentan \n Menyusur tepi Selat Melaka \n Lebar kepala dari badan \n Apakah ikan cubalah teka?,Pantun Teka-Teki
Buah budi bidara mengkal \n Masak sebiji di tepi pantai \n Hilang budi bicara akal \n Buah apa tidak bertangkai?,Pantun Teka-Teki
Buah melon buah nangka \n Dijual di pasar buah-buahan \n Coba jawab wahai saudara \n Makin diisi semakin ringan?,Pantun Teka-Teki
Budak-budak bermain batu \n Batu dikira satu persatu \n Badannya lurus bermata satu \n Ekornya tajam apakah itu?,Pantun Teka-Teki
Budak-budak ramai di pekan \n Hari raya bakar petas \n Kalau tuan pandai berkias \n Apakah buah gugur ke atas?,Pantun Teka-Teki
Burung nuri burung dara \n Terbang ke sisi taman kayangan \n Cubalah cari wahai saudara \n Makin diisi makin ringan,Pantun Teka-Teki
Burung nuri burung dara \n Terbang ke sisi taman kayangan \n Cubalah teka wahai saudara \n Semakin diisi makin ringan?,Pantun Teka-Teki
Cobalah mengerti wahai teman \n Nanti malam aku tidak bisa pergi \n Cobalah tebak wahan kawan \n Tangga apa yang tidak dinaiki,Pantun Teka-Teki
Diukur dijangka-jangka \n Burung merak burung angkasa \n Dengar tuan saya meneka \n Layang-layang gagah perkasa,Pantun Teka-Teki
"Habis olahraga, tubuh jadi lelah \n Capek badan seperti mau remuk \n Jika kau pintar maka jawablah \n Semakin berisi semakin menunduk?",Pantun Teka-Teki
Hidup tenang di dalam desa \n Punya pemimpin jumlahnya satu \n Buruh-buruh rajin bekerja \n Askar bertugas setiap waktu?,Pantun Teka-Teki
Ikut upacara pagi hari \n Baris-berbaris dengan teratur \n Suka keluar malam hari \n Kalau siang malah tidur,Pantun Teka-Teki
Indah berkembang di Taman Sari \n Cantik dihias sebagai jambangan \n Tangkainya panjang penuh berduri \n Baunya harum tiada bandingan,Pantun Teka-Teki
Jalan-jalan ke Ciracas \n Jangan lupa membeli padi \n Jika engkau memang cerdas \n Binatang apa tanduk di kaki?,Pantun Teka-Teki
Jalan-jalan ke kota Kediri \n Tidak lupa membawa sisir \n Bentuknya besar terbuat dari besi \n Bisa berjalan di atas air,Pantun Teka-Teki
Jalan-jalan ke kota Medan \n Jangan lupa membawa baju \n Kakiku empat tak punya badan \n Coba tebak siapakah aku?,Pantun Teka-Teki
Jalan-jalan ke kota Palembang \n Tidak lupa membeli duku \n Punya tiga kaki untuk dua orang \n Coba tebak wahai kawanku,Pantun Teka-Teki
Jalan-jalan ke pasar malam \n Naik wahana sampai lelah \n Saat kecil berbaju hitam \n Sudah besar bajunya merah,Pantun Teka-Teki
Janganlah kamu suka mengolok \n Bisa-bisa rugi akhirnya \n Ada daun tak punya pokok \n Setiap bangunan memilikinya?,Pantun Teka-Teki
Kalau tuan bawa keladi \n Bawakan juga si pucuk rebung \n Kalau tuan bijak bestari \n Binatang apa tanduk di hidung?,Pantun Teka-Teki
Kalau tuan muda teruna \n Pakai seluar dengan gayanya \n Kalau tuan bijak laksana \n Biji di luar apa buahnya,Pantun Teka-Teki
Kalau tuan muda teruna \n Pakai seluar dengan gayanya \n Kalau tuan bijak laksana \n Biji di luar apa buahnya?,Pantun Teka-Teki
Ke sekolah naik sepeda \n Kayuh kencang di jalanan \n Bentuk kotak keluar suara \n Benda apakah itu gerangan?,Pantun Teka-Teki
Kelip-kelip kusangka api \n Kalau api mana asapnya? \n Hilang ghaib disangkakan mati \n Kalau mati mana kuburnya?,Pantun Teka-Teki
Lihat adik berwajah muram \n Baru jatuh dari sepeda \n Berbentuk kotak berwarna hitam \n Bisa melihat apa saja,Pantun Teka-Teki
Main bola sama teman-teman \n Baru selesai saat malam hari \n Kalau panas tidak digunakan \n Kalau hujan dicari-cari,Pantun Teka-Teki
Melihat bintang di langit kelam \n Adapun bulan tertutup abu \n Apa binatang darahnya hitam \n Janggut delapan tulangnya satu?,Pantun Teka-Teki
Menanam pohon di taman luas \n Taman pun indah berwarna-warni \n Ia termasuk binatang buas \n Janggutnya lebat dan pemberani?,Pantun Teka-Teki
Menolong orang tanpa pamrih \n Itulah kebaikan yang sesungguhnya \n Loreng-loreng hitam putih \n Punya empat kaki mirip kuda,Pantun Teka-Teki
Merah bunganya tidak terperi \n Mekar kembangnya tidak terkata \n Di halaman rumah jadi penyeri \n Lambang tradisi Negara tercinta,Pantun Teka-Teki
Minah ketawa terjerit-jerit \n Melihat koyak pada seluar \n Orang putih duduk sederet \n Pagar di dalam tebing di luar?,Pantun Teka-Teki
Mulut manis hati nak baik \n Itulah amalan turun-temurun \n Benda apa yang akan naik \n Apabila saja hujan turun?,Pantun Teka-Teki
Naik delman minggu pagi \n Keliling kota di jalanan \n Kota metropolitan ibukota provinsi \n Banyak yang bilang kota pahlawan,Pantun Teka-Teki
Negara Afrika tempat asalnya \n Berbadan belang hitam dan putih \n Rumput nan hijau kegemarannya \n Kuat berlari tidak kenal letih,Pantun Teka-Teki
Orang bekerja diberikan upah \n Hidangan disaji dalam talam \n Gajah putih ditengah rumah \n Layar terkembang di waktu malam?,Pantun Teka-Teki
Pergi ke kota naik angkutan \n Tidak lupa berkunjung ke balai kota \n Punya sisik tapi bukan ikan \n Punya mahkota tapi bukan raja,Pantun Teka-Teki
Pergi ke kota naik taksi \n Sambil jalan-jalan keliling kota \n Punya dua sayap terbuat dari besi \n Benda apakah namanya?,Pantun Teka-Teki
Pergi ke pasar bareng bibi \n Tidak lupa membeli makanan \n Cuma punya satu kaki \n Tiga warna berganti-gantian,Pantun Teka-Teki
Pergi ke pasar membeli garam \n Tidak lupa membeli martabak \n Bajunya loreng hijau hitam \n Badannya tegap bawa tembak,Pantun Teka-Teki
Pergi ke pasar membeli nanas \n Tidak lupa membeli semangka \n Bentuknya bulat bikin panas \n Benda apakah namanya?,Pantun Teka-Teki
Pergi ke sawah menanam benih \n Tidak lupa cangkul dibawa \n Wajah hitam isinya putih \n Manis rasanya seperti gula?,Pantun Teka-Teki
Pergi umrah setiap tahun \n Moga sentiasa murah rezeki \n Dalam batang ada daun \n Dalam daun ada isi,Pantun Teka-Teki
Pisau lipat dimainnya kera \n Tangannya luka lalu terjun \n Makan kuat tidak terkira \n Kenyangnya tidak tahi bertimbun?,Pantun Teka-Teki
"Pohonnya bulat berdaun rindang \n Asam dan hijau ketika muda \n Bentuknya ia seperti bintang \n Jikapun masak, kuninglah ia?",Pantun Teka-Teki
Sawah luas sungguh indahnya \n Banyak ditemui di pedesaan \n Punya ekor ditaruh kepala \n Hewan apakah gerangan?,Pantun Teka-Teki
Sore-sore lagi main bola \n Tidak lupa ajak teman-teman \n Ditusuk-tusuk tapi banyak yang suka \n Kira-kira apakah gerangan?,Pantun Teka-Teki
Tempat duduknya sangatlah tinggi \n Namun ia bernasib malang \n Bila malam ia berseri \n Jika siang ia menghilang?,Pantun Teka-Teki
Tuan puteri belajar menari \n Tari diajar oleh Pak Harun \n Kalau Tuan bijak bestari \n Apa yang naik tak pernah turun?,Pantun Teka-Teki
Walau dibungkus bukan kiriman \n Sudah takdir tuhan yang satu \n Meski ditanam bukan tanaman \n Cubalah teka apakah itu?,Pantun Teka-Teki
Jalan-jalan keliling desa \n Tidak lupa membeli papan \n Hari minggu telah tiba \n Ayo main dengan teman-teman,Pantun Anak-anak
Ke pasar beli balon udara \n Di tengah jalan balonnya meletus \n Betapa hati sangat gembira \n Nilai ujian dapat seratus,Pantun Anak-anak
"Di hutan ada banyak hewan melata \n Mulai dari ular, kadal dan buaya \n Ayo kawan-kawanku semua \n Kita main-main bersama-sama",Pantun Anak-anak
Burung merpati burung dara \n Terbang tinggi jauh melanglang \n Hati ini amat gembira \n Sebentar lagi ibu pulang,Pantun Anak-anak
Di kamar tidur teronggok cermin \n Cermin dipakai untuk berdandan \n Di tanah lapang kami bermain \n Bermain gundu juga layangan,Pantun Anak-anak
Jalan-jalan ke pasar raya \n Di pasar membeli keripik \n Hari libur telah tiba juga \n Saatnya tamasya dan piknik,Pantun Anak-anak
Buah nangka buah kedondong \n Rasanya enak bikin ketagihan \n Jadi anak janganlah berbohong \n Harus berkata jujur ke teman,Pantun Anak-anak
Burung dara terbang melanglang \n Hinggapnya di pucuk dedahanan \n Setiap kali ayah pulang \n Selalu bawa kebahagiaan,Pantun Anak-anak
Kalau hatimu sedang ragu \n Jangan lupa berdoa pada Tuhan \n Kalau punya teman yang baru \n Teman yang lama jangan dilupakan,Pantun Anak-anak
Pergi ke pasar membeli kain \n Kainnya bagus harganya murah \n Belajar itu harus tekun dan rajin \n Agar jadi pintar saat di sekolah,Pantun Anak-anak
Alangkah terang sinar mentari \n Tatkala aku tengah di teras \n Alangkah senang di hati ini \n Tatkala jadi juara kelas,Pantun Anak-anak
Pagi hari pergi ke kota \n Tidak lupa membawa tikar \n Main sama teman boleh saja \n Tapi jangan lupa untuk belajar,Pantun Anak-anak
Ayo kita pergi tamasya \n Bisa ke gunung atau ke pantai \n Ayo kita menyanyi bersama \n Biar suasana semakin ramai,Pantun Anak-anak
Pergi ke pasar membeli nampan \n Nampan terbuat dari anyaman \n Sebentar lagi kita liburan \n Ingin sekali ku jalan-jalan,Pantun Anak-anak
Satu tambah satu itu dua \n Dua tambah dua itu empat \n Jadi anak harus selalu ceria \n Tidak boleh sering mengumpat,Pantun Anak-anak
Minum kopi di saat hujan \n Memang nikmat sekali rasanya \n Anak baik anak teladan \n Jadi kebanggaan keluarga,Pantun Anak-anak
Pagi hari pergi ke kota \n Tidak lupa membeli kaca \n Naik delman siapa suka \n Kita pergi keliling desa,Pantun Anak-anak
Asap keluar dari cerobong \n Lalu terbang menuju awan \n Anak pintar tidak akan sombong \n Tapi senang membantu teman,Pantun Anak-anak
Indonesia dan negeri jiran \n Sama rasnya masih serumpun \n Main bola bareng teman-teman \n Paling enak saat hujan turun,Pantun Anak-anak
Pumpung induk belum tiba \n Burung elang terbang melayang \n Pumpung kita masih muda \n Ayo kita berpetualang,Pantun Anak-anak
Pergi ke sawah menanam padi \n Sawah dibajak dengan sapi \n Jadi anak yang baik hati \n Tentu tahu balas budi,Pantun Anak-anak
Siang hari mendung kelabu \n Pertanda hujan akan turun \n Ayah belikan sepeda baru \n Sebagai hadiah ulang tahun,Pantun Anak-anak
Di ladang banyak hewan ternak \n Kalau kabur harus dikejar \n Kita ini masih anak-anak \n Ayo kita main dan belajar,Pantun Anak-anak
Pagi hari ikut ke ladang \n Petani panen hati gembira \n Sore hari ke tanah lapang \n Bersama teman main bola,Pantun Anak-anak
Burung camar burung kenari \n Kepakkan sayap terbang ke udara \n Jadi anak yang baik hati \n Harus patuh pada orang tua,Pantun Anak-anak
Pergi ke pasar bersama ibu \n Tidak lupa membeli gula \n Bangun pagi di hari minggu \n Saatnya jalan bareng keluarga,Pantun Anak-anak
Disana merak disini merak  \n Merak mana hendak dikepung \n Disana hendak disinipun hendak \n Pening kepala terajang punggung,Pantun Jenaka
Diumpan merak dengan dedak  \n Hendak ditangkap dengan segera \n Di sana hendak di sinipun hendak \n Tepuk dada tanyakan selera,Pantun Jenaka
Bayan merbah merbuk dara  \n Terbang bebas hiasan angkasa \n Jangan salah tertepuk dada \n Badan terhempas mara bencana,Pantun Jenaka
Tuan puteri di atas puri  \n Dato hulubalang di atas padang \n Bila dinasihati dengar-dengari \n Bila bertepuk pandang-pandang,Pantun Jenaka
"Buah semangka buah manggis,  \n gak nyangka gue manis \n Ada gula, ada semut, \n iihh gila, gue imut",Pantun Jenaka
Buah mangga rasanya manis  \n dibungkus rapat didalam peti \n Sayang walau wajah nya artis \n tapi gayanya macam hellokitty,Pantun Jenaka
"Muter-muter cari jodoh,  \n sudah berkumis kepala petak \n Binatang apa paling bodoh, \n kalu bukan kebu geger otak",Pantun Jenaka
Di sini jualan genteng  \n Di sana jualan sekoteng \n Banyak orang ngaku ganteng \n Padahal bopung,Pantun Jenaka
Oh bulan kemana bintang  \n Atas pucuk kayu ara \n Oh tuan kemana hilang \n Dalam bilik anak dara,Pantun Jenaka
Atas pucuk kayu ara  \n Lebat daunnya pokoknya rindang \n Hilang kedalam bilik nak dara \n Cuma meminta rokok sebatang,Pantun Jenaka
Nyari monyet buat makan kutu  \n jangan lupa bawa palu \n sekali lg lo bilang pantun lucu gak lucu \n gw tabok pala lu,Pantun Jenaka
Ditabur penawar merubah nasib  \n Nasib baik bukan sebarang \n Tafakur elang membaca ratib \n Melihat sitikus mengasah parang,Pantun Jenaka
Tumbuh kearah kolam telaga  \n Telaga mencuci badan yang melekit \n Walaupun marah tersenyum juga \n Tangan ketam cubitnya sakit,Pantun Jenaka
Ambilkan bilah pokok sena pj \n Jadikan lata tempat berhandai \n Andaikan gajah korek telinga \n Giliran buaya hajat berinai,Pantun Jenaka
"Tanam pete dipinggir kali,  \n petenya lari ga tau diri \n Jangan misscall aja kalau berani, \n telpon gue kalau punya nyali",Pantun Jenaka
Ikan sepat ikan bada  \n ikan keli di dalam rawa \n bnyak wanita bilang laki2 buaya \n tapi dia tak sadar kalau buaya ada yg betina,Pantun Jenaka
Janda berhias merambah karang  \n Sirih kuning disangka serai \n Melihat tikus mengasah parang \n Datang kucing meminta damai,Pantun Jenaka
Hari minggu sudahlah siang  \n Setelah siang menuju petang \n Ditunggu tunggu gak juga datang \n Sekali datang kok nagih utang,Pantun Jenaka
Jadikan lata tempat berhandai  \n Terbang sekawan burung belibis \n Giliran buaya hajat berinai \n Pipit pula membilang tasbih,Pantun Jenaka
"Paling seger minum limau,  \n campur madu tambah nikmat \n Ayam berani sama harimau, \n itu ayam super nekad",Pantun Jenaka
"Si bopak memang sarap,  \n sukanya makan beras nasi, \n dari jauh lo cakep, \n dideketin ternyata banci",Pantun Jenaka
Jika sudah merasakan cinta  \n Hati terasa berbunga-bunga \n Kalau sudah terbawa suasana \n Senyum sendiri seperti orang gila,Pantun Jenaka
Masak ayam masak tumis  \n Iris tipis sampai habis \n Selasa malam hujan gerimis \n Dompet tipis semakin kritis,Pantun Jenaka
Beribu-ribu pedagang peyek  \n Hanya 1 pedagang skotang \n Beribu-ribu orang yang jelek \n Hanya aku yang paling ganteng,Pantun Jenaka
"Lagi males bikin ketupat,  \n mending main bola sodok \n Nenek yang pandai melompat, \n pasti itu nenek kodok",Pantun Jenaka
"Anak ayam turun ke bumi,  \n Induk ayam naik kelangit, \n Anak ayam nyari kelangit, \n Induk ayam nyungsep ke bumi",Pantun Jenaka
"Di sana gunung di sini gunung,  \n di tengah-tengah bunga melati \n Saya bingung, kamu pun bingung, \n kenapa ada bunga melati?????",Pantun Jenaka
Buah pisang buah tomat  \n disimpan didalam lumbung padi \n pantas tercium bau menyengat \n rupanya kau belum mandi,Pantun Jenaka
"\n Pohon kelapa, Pohon durian,  \n Pohon Cemara, Pohon Palem \n Pohonnya tinggi-tinggi Bo",Pantun Jenaka
Ambil segulung rotan saga  \n Sudah diambil mari diurut \n Duduk termenung harimau tua \n Melihat kambing mencabut janggut,Pantun Jenaka
Sirih kuning disangka serai  \n Dijemur panas daunnya kering \n Melihat kucing meminta damai \n Ayam memasak pulut kuning,Pantun Jenaka
Ikan gabus di rawa-rawa  \n Ikan belut nyangkut di jaring \n Perutku sakit menahan tawa \n Gigi palsu loncat ke piring,Pantun Jenaka
"Ikan pedoh dari papua,  \n Belum dimakan letakkan baskom \n Bila jodoh nak kunjung bersua, \n Pajang iklan di toko bagus dot com",Pantun Jenaka
"Mancing di kali dapet banyak,  \n diambil kucing dalam tempayan \n TAHU pake huruf U jadi enak, \n kalau pake huruf I jadi gak doyan",Pantun Jenaka
Pergi ke hutan mencari jerapah  \n Jangan lupa bawa palu \n sekali lagi lu bilang cius miapah \n gue tabok pala lu,Pantun Jenaka
Anak gembala tidak berbaju  \n membawa senjata ketapel getah \n sapi merumput anak berburu \n berburu burung si burung unta,Pantun Jenaka
Mau buka Facebook  \n harus pakai kata sandi \n Kamu bau ketek \n Karena jarang mandi,Pantun Jenaka
"Kucing kurus mandi dipapan,  \n minta ikan dikasi kue cucur \n Gak salah dibilang muke jambang, \n kalau cemberut tambah ancur",Pantun Jenaka
Makan belimbing dicampur terasi  \n bikin kelepon ditambah santan \n wajahnya aja kayak artis televisi \n tapi kelakuan seperti setan,Pantun Jenaka
Sudah diambil mari diurut  \n Diurut dibawah pokok sena \n Melihat kambing mencabut janggut \n Gajah pula mengorek telinga,Pantun Jenaka
Jalan-jalan ke pinggir empang  \n nemu sendok dipinggir empang \n hati siapa tak bimbang \n situ botak minta dikepang,Pantun Jenaka
Jalan-jalan ke Kota Arab  \n Jangan lupa membeli kitab \n Cewek sekarang tidak bisa diharap \n Bodi bohai betis berkurap,Pantun Jenaka
"Eh ada semut,  \n Berdatangan masuk kolong \n Eh ada si Imuet \n Ternyata giginya ompong",Pantun Jenaka
Si anak bermain dalam kubangan  \n bersama sapi dan kambing domba \n enak sungguh gembala makan \n tiada diingat lumpur dimuka,Pantun Jenaka
Kalau ada sumur diladang  \n Bolehlah kita menggosok gigi \n Kalau anda di warung padang \n Bolehkah kita ditraktir lagi,Pantun Jenaka
"Disini Gunung, Disana gunung  \n Banyak amat yah gunungnya \n Disini bingung, Disana linglung \n Emangnya enak, engga nyambung",Pantun Jenaka
Gemuruh tabuh bukan kepalang  \n Diasah lembing berkilat-kilat \n Gementar tubuh harimau belang \n Nampak kambing pandai bersilat,Pantun Jenaka
"Di kutub banyak es,  \n di neraka banyak setan \n Baju superman bertuliskan S, \n Kalau XL pasti kebesaran",Pantun Jenaka
Hujan turun rintik-rintik  \n Duduk berdua diteras rumah \n Ingin punya cewek cantik \n Syaratnya rumah dan mobil mewah,Pantun Jenaka
Kalau ada sumur di ladang  \n boleh saya menumpang mandi \n siapa yang kuat begadang \n pasti payah  bangun pagi,Pantun Jenaka
Bakar ikan pakai bambu  \n Bungkus ikan pakai daun pisang baru \n Bukan maksud untuk mengganggu \n Cuma mau bilang ko badanmu bau,Pantun Jenaka
Angin malam mengusir senja \n Bintang timur memancar cahaya \n Rukun Islam adalah lima \n Sembahyang itu tiang agama,Pantun Agama
Anak udang di balik batu \n Jangan ditangkap dengan jala \n Dirikanlah sembahyang lima waktu \n Itu dia rukun kedua,Pantun Agama
Anak kelabang di atas batu \n Jatuh ke lumpur tiada merayap \n Sembahyang jangan menunda waktu \n Alam kubur sangatlah gelap,Pantun Agama
Para petani memanen padi \n Saat di sawah melihat batu \n Ingatlah Allah setiap hari \n Dengan sholat lima waktu,Pantun Agama
Pergi ke pasar membeli sapu \n Tidak sengaja menginjak duri \n Jangan lupa sholat lima waktu \n Di sela kegiatan sehari-hari,Pantun Agama
Ular kobra katanya berbisa \n Hari ini hari Selasa \n Ikhlaskan niat dalam puasa \n Moga terhapus segala dosa,Pantun Agama
Tanam kacang di pagi hari \n Tumbuh enam layu sebatang \n Keburukan orang jangan dicari \n Bila kalian sedang puasa,Pantun Agama
Buah nangka khas rasanya \n Buah duren banyak yang suka \n Sangat banyak hikmah puasa \n Sehatkan jiwa dan juga raga,Pantun Agama
Pipi bengkak jangan diraba \n Dikasih obat bias tidak terasa \n Bulan puasa sudah tiba \n Mohon ampun segala dosa,Pantun Agama
"Harum bunga, bunga melati \n Dipakai manten dan juga penari \n Sebentar atau lama pasti mati \n Puasa sebagai bekal bagi diri",Pantun Agama
Setelah menunaikan sholat \n Hati terasa sangat nyaman \n Muhammad itu rasul seluruh umat \n Dan Nabi hingga akhir zaman,Pantun Agama
Sholat itu adalah ibadah \n Ibadah yang mampu menghilangkan gundah \n Rindu kepada Nabi Muhammad adalah berkah \n Dan meneladaninya adalah ibadah terindah,Pantun Agama
Pergi ke pasar membeli tahu \n Jangan lupa membeli kwaci \n Jika kalian sudah mampu \n Segeralah menunaikan haji,Pantun Agama
Saat berenang bertemu ubur-ubur \n Janganlah engkau melempari tomat \n Jika Anda ingin jadi haji mabrur \n Rajinlah mengaji dan juga sholat,Pantun Agama
Buah semangka dibelah-belah \n Dapat sebagai pelepas dahaga \n Ikutilah firman Allah \n Supaya dapat masuk surga,Pantun Agama
Buah mentimun buah bergetah \n Hati-hati untuk memakannya \n Jika suka tinggalkan ibadah \n Sudah pasti masuk neraka,Pantun Agama
Jalan-jalan ke kota baru \n Jangan lupa beli sepatu \n Natal sudah didepan pintu \n Sambut kelahiran-Nya dengan hatimu,Pantun Agama
Siang hari ke pasar baru \n Mari kita membeli ragi \n Selamat natal dan tahun baru \n Semoga esok lebih baik lagi,Pantun Agama
Di meja banyak semut \n Mengerubungi buah leci \n Lebih baik kita menurut \n Jika kita ingin diberkati,Pantun Agama
Jalan-jalan menuju gurun \n Disana ada sebuah goa \n Hari petang mentari turun \n Yesus tersayang terkenang jua,Pantun Agama
Pulang sekolah berlari-lari \n Karena akan datangnya hujan \n Lakukan Tri Sandya tiga kali sehari \n Jangan pernah Anda lewatkan,Pantun Agama
Pergi ke kota beli bakpia \n Jangan lupa membeli nasi \n Kedamaian tiba ke dunia \n Tebarlah kasih dengan tat twam si,Pantun Agama
Jalan-jalan dengan Pak sopir \n Tidak lupa membeli kebawa \n Tubuh disucikan dengan air \n Pikiran disucikan dengan satya,Pantun Agama
Pergi jauh untuk berkelana \n Jangan lupa membawa peta \n Sang Hyang Widhi maha sempurna \n Kitab Weda panduan kita,Pantun Agama
Buah salak baru dipetik \n Buah dukuh buah delima \n Ada banyak wanita cantik \n Cuma kamu yang aku cinta,Pantun Cinta
Jalan-jalan ke kota Prancis \n Banyak rumah berbaris-baris \n biar mati di ujung keris \n Asal dapat adinda yang manis.,Pantun Cinta
Ke Cikini membeli bubur \n Anak gajah di dalam peti \n Malam ini tak dapat tidur \n Terbayang wajah kekasih hati.,Pantun Cinta
Kalau mau menanam tebu \n Tanamlah di dekat pohon jambu \n Kalau kau cinta padaku \n Bilang saja i love you.,Pantun Cinta
Kembang gula di perigi \n untuk aku minum jamu \n ke mana pun kamu pergi \n Aku selalu rindu kamu.,Pantun Cinta
Hati senang diundang pesta \n Sahabat lama yang sedang dinanti \n Apakah ini artinya cinta \n Jika tanpa tulus di hati.,Pantun Cinta
Jalan-jalan ke Samarinda \n Tidak lupa bawa bambu \n Makin lama makin bahagia \n Lihat kamu berkerudung ungu.,Pantun Cinta
Ada gula ada kopi \n Disimpan di atas lemari \n Rindu ini menari-nari \n Menanti sang pujaan hati.,Pantun Cinta
Meski hanya buah jambu \n tapi ini bisa diramu \n Meskipun jarang ketemu \n Tapi cintaku hanya untukmu.,Pantun Cinta
Aku sedang minum jamu \n Minum di bawah pohon jambu \n Aku tak mau kehilangan kamu \n Karna aku sangat mencintaimu.,Pantun Cinta
Jarum jam terus berdetik \n Banyak waktu telah terbuang \n Hari ini kamu cantik \n Aku jadi makin sayang.,Pantun Cinta
Pagi-pagi udah sarapan \n Lauknya ikan teri \n Selamat pagi aku ucapkan \n Untukmu kekasih hati.,Pantun Cinta
Beribu-ribu pohon beringin \n Hanya satu si pohon randu \n Saat malam terasa dingin \n Hanya wajahmu yang aku rindu,Pantun Cinta
Daging ayam dibuat gulai \n buat dimakan kita nanti \n Dirimu seorang yang ternilai \n Takkan pernah bisa diganti,Pantun Cinta
Wahai seruling buluh perindu \n Suaranya memikatku \n Wahai gadis pujaanku \n Aku sangat cinta kamu,Pantun Cinta
Tak usah menggurui \n Dia itu kepala suku \n Perlu kamu ketahui \n Kamu adalah semangat hidupku,Pantun Cinta
Sapu rumah hingga bersih \n Atapnya satu dibawa pergi \n Tatap mataku wahai kekasih \n Cintaku satu tak terbagi-bagi,Pantun Cinta
Ke Batu membeli ketan \n paling enak yang warna hitam \n Kalau siang mata tak kelihatan \n kalau malam matanya tajam,Pantun Teka-Teki
Terjebak hujan di Taman Mini \n membuat baju jadi basah kuyup \n Coba tebak barang apa ini \n Saat dipegang mati dilempar hidup,Pantun Teka-Teki
Buah melon buah nangka \n Dijual di pasar buah-buahan \n Coba jawab wahai saudara \n Makin diisi makin ringan?,Pantun Teka-Teki
"Pergi ke kota naik angkutan \n Tidak lupa berkunjung ke balai kota \n Punya sisik, tapi bukan ikan \n Punya mahkota, tapi bukan raja",Pantun Teka-Teki
Mendengar ibu sedang masak \n Ternyata masak kue panggang \n Kalau kamu pintar menebak \n ular apa yang ada di pinggang,Pantun Teka-Teki
Hari liburan terasa kurang \n ingin kembali meminta cuti \n Bentuknya cantik bagai bintang \n warnanya kuning menarik hati,Pantun Teka-Teki
Alpukat enak buahnya \n segera dimakan jangan sampai busuk \n Coba tebak apa jawabnya \n semakin berisi semakin menunduk,Pantun Teka-Teki
Gadis cantik bertopi baret \n cantiknya seperti bunga mekar \n Putih-putih duduk berderet \n di luar tebing di dalam pagar,Pantun Teka-Teki
Jika ingin ke rumah Rina \n hati-hati banyak tilangan \n Memiliki mata tiga warna \n satu kaki tanpa tangan,Pantun Teka-Teki
"Ke kebun panen kentang \n pulangnya membeli putu \n Punya daun, tak punya batang \n coba tebak apakah itu?",Pantun Teka-Teki
Pergi ke pasar membeli pasak \n Tidak lupa membeli papan \n Percuma saja punya ilmu banyak \n Kalau itu tidak pernah diamalkan,Pantun Pendidikan
Bangun pagi langsung ke sawah \n Di jalan ketemu Pak Camat \n Pendidikan bukan cuma cari ijaza \n Tapi cari ilmu yang bermanfaat,Pantun Pendidikan
Pisau di dapur haruslah diasah \n Supaya tajam dan jadi kuat \n Belajar harus tanpa kenal lelah \n Agar dapat ilmu yang bermanfaat,Pantun Pendidikan
Jika pohon harus dipanjat \n Kaki jangan melompat-lompat \n Jika ingin naik derajat \n Ilmu dan iman harus diangkat,Pantun Pendidikan
Piknik mari bawalah banyak tikar \n Dekap erat jangan sampai tergores \n Pendidikan bukan tentang gelar \n Semua itu murni menceritakan proses,Pantun Pendidikan
Sesudah sungai kian meriak \n Air pun ngalir hingga lautan \n Sesudah dapat ilmu yang banyak \n Lalu ajarkan juga amalkan,Pantun Pendidikan
Jalan-jalan ke kota Kendari \n Tidak lupa ajak ibu bapak \n Amalkan ilmu sehari-hari \n Agar tak lupa di dalam benak,Pantun Pendidikan
Sore hari pulang ke rumah \n Langsung tidur capek sekali \n Cari ilmu tak hanya di sekolah \n Tapi juga di kehidupan sehari-hari,Pantun Pendidikan
Kain dijahit jadilah baju \n Bukan menjadi nisan jenazah \n Sekolah untuk mencari ilmu \n Bukan sekadar dapat ijazah,Pantun Pendidikan
Agus orangnya suka merenung \n Tiap hari tidak pernah lupa \n Jikalau nanti engkau pun bingung \n Tanyakan saja pada ahlinya,Pantun Pendidikan
Petang datang para tamu \n Jauh dari seberang sana \n Rajinlah engkau meraih ilmu \n Sebagai bekal di hari tua,Pantun Pendidikan
"Lautan luas warnanya biru \n Ada ikan, cumi, dan gurita \n Hormatilah ibu bapak guru \n Karena mereka sangatlah berjasa",Pantun Pendidikan
Percuma punya liontin emas \n Kalau emasnya emas yang palsu \n Percuma punya otak yang cerdas \n Jika akhlaknya buruk selalu,Pantun Pendidikan
Sofa empuk  berwarna jingga \n Beli ayam dengan lalapan \n Masa muda harus bekerja \n Agar bahagia dan berkecukupan,Pantun Anak-anak
Tugal padi jangan bertangguh \n Kunyit di kebun siapa penggalinya \n Jika tuan cerdik sungguh \n Langit tergantung di mana talinya,Pantun Anak-anak
Membuat manisan dari buah salak \n Dijual dengan macam-macam harga \n Jadi anak berbaktilah pada ibu bapak \n Agar kelak bisa masuk surga,Pantun Anak-anak
Menanam mangga di pulau bukum \n Tinggi sedepa sudah berbuah \n Adat bermula pada hukum \n Hukum bermula pada Kitabullah,Pantun Adat dan Alam
Lebat daun bunga tanjung \n Bau harum bunga cempaka \n Adat dijaga pusaka dijunjung \n Baru terpelihara adat pusaka,Pantun Adat dan Alam
Sungguh manis gula malaka \n Jangan dibacuh dibuat serbat \n Sungguh teguh adat pusaka \n Biar mati anak jangan mati adat,Pantun Adat dan Alam
Buah berangan di rumpun pinang \n Limau kasturi berdaun muda \n Kalau berkenan masuklah meminang \n Tanda diri beradat budaya,Pantun Adat dan Alam
Bukan kacang sembarang kacang \n Kacang melilit pada kayu jati \n Saya datang bukan sekedar datang \n Datang membawa hajat di hati,Pantun Adat dan Alam
Menyulam dengan benang kasar \n Baju disulam tepi kainnya \n Salah kecil ataupun besar \n Hukumnya sudah tersedia,Pantun Adat dan Alam
Duduk antara kawan dan lawan \n Tidak berpijak betung sebelah \n Mau berpijak kepada lawan \n Di situ kata putuslah sudah,Pantun Adat dan Alam
Anak taruna tiba di darat \n Dari Semarang langsung ke Deli \n Hidup di dunia biar beradat \n Bahasa tidak dijual beli,Pantun Adat dan Alam
Pohon salak berbuah lebat \n Bilalah masak harum juga \n Berumpun pusaka berupa adat \n Daerah berluhak alam beraja,Pantun Adat dan Alam
Penghapus putih berbahan karet \n Walaupun hitam penghapus jua \n Kain yang indah ialah songket \n Pusaka adat patut dijaga,Pantun Adat dan Alam
Ditengah Sumatera adalah Jambi \n Disebelahnya ada Sumatera Barat \n Suluh bendang dalam nagari \n Tugas penghulu menjaga adat,Pantun Adat dan Alam
Pohon pinang ditanam rapat \n Puyuh kini berlari-lari \n Samalah kita menjunjung adat \n Tonggak budaya semai di hati,Pantun Adat dan Alam
Manis sungguh gula gula \n Jangan dimakan dibuat lepat \n Sungguh teguh adat pusaka \n Biar mati anak jangan mati adat,Pantun Adat dan Alam
Cantik nian si kumbang jati \n Khatib masjid pulang berkuda \n Patah tumbuh hilang berganti \n Adat lama begitu juga,Pantun Adat dan Alam
Lebat daun bunga kecubung \n Berbau harum bunga cempaka \n Adat dijaga pusaka dijunjung \n Baru terpelihara adat pusaka,Pantun Adat dan Alam
Pukat bukan sembarang pukat \n Pukat penjala ikan berenang \n Bukan adat sembarang adat \n Adat pusaka nenek moyang,Pantun Adat dan Alam
Bukalah mata di pagi hari \n Cuci muka hilangkan kantuk \n Rendah hatilah seperti padi \n Makin berisi makin merunduk,Pantun Budi
Bumi berputar tanah dipijak \n Tanah bergoyang datanglah gempa \n Siapa yang mau menjadi bijak \n Harus selalu berlapang dada,Pantun Budi
Hati-hati kalau menyeberang \n Perhatikanlah keselamatanmu \n Hati-hati di tempat orang \n Jagalah selalu sopan-santunmu,Pantun Budi
Burung merpati burung tekukur \n Terbang bersama di atas sawah \n Agar hati selalu bersyukur \n Lihatlah selalu orang di bawah,Pantun Budi
Beli baju berwarna biru \n Baju baru bermcam-macam \n Agar hati tenang selalu \n Jangan pernah menyimpan dendam,Pantun Budi
Dalam kuali menanak nasi \n Nasi berubah menjadi bubur \n Sifat tamak tak kan berhenti \n Sebelum badan masuk ke kubur,Pantun Budi
Ayah ibu duduk di kursi \n Kursi anyaman buatan negeri \n Kalau hati menyimpan dengki \n Kawan menjauh teman pun pergi,Pantun Budi
Di pinggir pantai main ayunan \n Melambung tinggi tiada terasa \n Bila memanggil dengan senyuman \n Orang pun datang dengan tertawa,Pantun Budi
Hujan deras di tanah merah \n Tanah keras menjadi basah \n Bila sadar telah bersalah \n Rendahkan hati minta maaflah,Pantun Budi
Bila datang bubuhkan paraf \n Tuliskan nama di dalam buku \n Kalau sudah memberi maaf \n Jangan ungkit salah yang lalu,Pantun Budi
Gelap siang seperti petang \n Petir bersahut hujan berderai \n Jangan potong ucapan orang \n Dengarkan bicara hingga selesai,Pantun Budi
Menanam pohon di pinggir ladang \n Pohon kecil banyak sekali \n Sebelum cari kesalahan orang \n Lebih baik berkaca diri,Pantun Budi
Badan basah terkena hujan \n Ganti baju tak kedinginan \n Yang benar ayo kita teruskan \n Yang keliru ayo kita tinggalkan,Pantun Budi
Bila yang matang jatuh sendiri \n Yang mentah dipetik dari pohonnya \n Bila yang muda bisa menghormati \n Yang tua pun akan menyayanginya,Pantun Budi
Naik gunung dan terus naik \n Menuju puncak penuh harapan \n Bicara selalu yang baik-baik \n Atau diamlah jaga ucapan,Pantun Budi
Membaca buku di dalam tenda \n Tenda dibangun di pinggir sawah \n Bila amarah sudah bicara \n Yang baik pun tetap jadi masalah,Pantun Budi
Menggulung tali mengikat benang \n Tali mendekat benang menjauh \n Ucapan baik membuat senang \n Ucapan buruk mencipta musuh,Pantun Budi
Kuli angkut membawa barang \n Barang dibawa dalam kereta \n Bila suka menuding orang \n Nanti hidup menuding kita,Pantun Budi
Indah elok si kayu ukir \n Ukiran kuda di tengah hutan \n Kalau bicara tanpa dipikir \n Sering berakhir di pertengkaran,Pantun Budi
Pengantin baru duduk bersanding \n Membalas senyum tamu undangan \n Kalau kita duduk berunding \n Masalah sulit kan terpecahkan,Pantun Budi
Merah-merah pakaian badut \n Badut menari di terik siang \n Hati panas jangan diturut \n Kalau diturut akal pun hilang,Pantun Budi
Dalam kamar adik belajar \n Agar ujian menjadi mudah \n Dukunglah pada yang benar \n Bijaklah pada yang salah,Pantun Budi
Ibu memasak sayur dan gulai \n Untuk tamu yang akan datang \n Kalau bisa hidup berdamai \n Untuk apa mengajak perang,Pantun Budi